Title;RG300
Description;Dataset proposed in the paper Vanhoucke, M., Coelho, J., and Batselier, J. (2016). An overview of project data for integrated project management and control. Journal of Modern Project Management, 3(2):6–21.
Number;480
Format;rcp
ID;Ref1;Ref2;Ref3;LB value;LB ref;LB time;UB value;UB ref;UB time;OPT value;OPT ref;OPT time;CPM;Sum PT;# Act;CNC;OS;SP/I2;AD/I3;LA/I4;I5;TF/I6;# RR;RF/RR;RU/RR;RS/RR;RC/RR;# NR;RF/NR;RU/NR;RS/NR;RC/NR;# Modes
1;RG300_1.rcp;0;0;88;Capacity LB;0;88;3;690;0;0;0;44;1658;300;16,843;0,252;0,017;0,171;0,030;0,594;0,298;4;0,250;1,000;0,175;0,200;0;0,000;0,000;0,000;0,000;1,000
2;RG300_2.rcp;0;0;85;Capacity LB;0;85;3;670;0;0;0;41;1586;300;16,963;0,251;0,013;0,161;0,047;0,588;0,177;4;0,250;1,000;0,148;0,200;0;0,000;0,000;0,000;0,000;1,000
3;RG300_3.rcp;0;0;85;Capacity LB;0;85;3;690;0;0;0;41;1587;300;16,603;0,252;0,017;0,314;0,052;0,698;0,345;4;0,250;1,000;0,134;0,200;0;0,000;0,000;0,000;0,000;1,000
4;RG300_4.rcp;0;0;93;Capacity LB;0;93;3;700;0;0;0;42;1704;300;17,690;0,252;0,013;0,144;0,047;0,563;0,191;4;0,250;1,000;0,137;0,200;0;0,000;0,000;0,000;0,000;1,000
5;RG300_5.rcp;0;0;97;Capacity LB;0;97;3;700;0;0;0;40;1578;300;16,727;0,252;0,017;0,241;0,041;0,661;0,294;4;0,250;1,000;0,149;0,200;0;0,000;0,000;0,000;0,000;1,000
6;RG300_6.rcp;0;0;99;Capacity LB;0;99;3;690;0;0;0;39;1674;300;16,913;0,252;0,013;0,131;0,041;0,549;0,178;4;0,250;1,000;0,115;0,200;0;0,000;0,000;0,000;0,000;1,000
7;RG300_7.rcp;0;0;98;Capacity LB;0;98;3;700;0;0;0;42;1669;300;16,980;0,252;0,017;0,212;0,033;0,623;0,314;4;0,250;1,000;0,124;0,200;0;0,000;0,000;0,000;0,000;1,000
8;RG300_8.rcp;0;0;88;Capacity LB;0;88;3;6000;0;0;0;44;1679;300;16,833;0,252;0,017;0,257;0,047;0,675;0,286;4;0,250;1,000;0,136;0,200;0;0,000;0,000;0,000;0,000;1,000
9;RG300_9.rcp;0;0;95;Capacity LB;0;95;3;700;0;0;0;38;1683;300;17,587;0,252;0,017;0,327;0,051;0,703;0,361;4;0,250;1,000;0,129;0,200;0;0,000;0,000;0,000;0,000;1,000
10;RG300_10.rcp;0;0;86;Capacity LB;0;86;3;700;0;0;0;39;1651;300;17,977;0,252;0,013;0,225;0,061;0,651;0,243;4;0,250;1,000;0,122;0,200;0;0,000;0,000;0,000;0,000;1,000
11;RG300_11.rcp;0;0;174;Capacity LB;0;174;3;72000;0;0;0;45;1571;300;17,260;0,252;0,017;0,167;0,036;0,596;0,290;4;0,250;1,000;0,023;0,400;0;0,000;0,000;0,000;0,000;1,000
12;RG300_12.rcp;0;0;187;Capacity LB;0;187;3;7000;0;0;0;41;1632;300;17,123;0,252;0,017;0,216;0,039;0,616;0,311;4;0,250;1,000;0,015;0,400;0;0,000;0,000;0,000;0,000;1,000
13;RG300_13.rcp;0;0;200;Capacity LB;0;200;3;73000;0;0;0;46;1687;300;17,050;0,252;0,020;0,253;0,029;0,599;0,393;4;0,250;1,000;0,013;0,400;0;0,000;0,000;0,000;0,000;1,000
14;RG300_14.rcp;0;0;174;Capacity LB;0;174;3;72000;0;0;0;45;1622;300;16,977;0,252;0,017;0,327;0,048;0,698;0,296;4;0,250;1,000;0,017;0,400;0;0,000;0,000;0,000;0,000;1,000
15;RG300_15.rcp;0;0;192;Capacity LB;0;193;3;77000;0;0;0;43;1649;300;17,453;0,252;0,017;0,322;0,045;0,685;0,330;4;0,250;1,000;0,013;0,400;0;0,000;0,000;0,000;0,000;1,000
16;RG300_16.rcp;0;0;193;Capacity LB;0;193;3;7000;0;0;0;44;1629;300;16,840;0,252;0,017;0,282;0,041;0,676;0,331;4;0,250;1,000;0,023;0,400;0;0,000;0,000;0,000;0,000;1,000
17;RG300_17.rcp;0;0;163;Capacity LB;0;165;3;74000;0;0;0;42;1597;300;17,253;0,252;0,017;0,265;0,043;0,674;0,356;4;0,250;1,000;0,019;0,400;0;0,000;0,000;0,000;0,000;1,000
18;RG300_18.rcp;0;0;200;Capacity LB;0;200;3;73000;0;0;0;48;1688;300;17,317;0,252;0,017;0,269;0,035;0,644;0,307;4;0,250;1,000;0,015;0,400;0;0,000;0,000;0,000;0,000;1,000
19;RG300_19.rcp;0;0;196;Capacity LB;0;196;3;73000;0;0;0;48;1690;300;17,233;0,252;0,017;0,314;0,044;0,685;0,348;4;0,250;1,000;0,026;0,400;0;0,000;0,000;0,000;0,000;1,000
20;RG300_20.rcp;0;0;199;Capacity LB;0;200;3;78000;0;0;0;42;1685;300;17,550;0,252;0,013;0,127;0,047;0,556;0,185;4;0,250;1,000;0,022;0,400;0;0,000;0,000;0,000;0,000;1,000
21;RG300_21.rcp;0;0;295;5;100;303;3;80000;0;0;0;44;1637;300;16,743;0,252;0,013;0,148;0,045;0,589;0,156;4;0,250;1,000;0,000;0,600;0;0,000;0,000;0,000;0,000;1,000
22;RG300_22.rcp;0;0;313;5;130;313;3;82000;0;0;0;41;1651;300;17,473;0,252;0,017;0,286;0,039;0,673;0,287;4;0,250;1,000;0,000;0,600;0;0,000;0,000;0,000;0,000;1,000
23;RG300_23.rcp;0;0;317;5;140;317;3;80000;0;0;0;43;1579;300;17,013;0,252;0,017;0,290;0,047;0,706;0,314;4;0,250;1,000;0,000;0,600;0;0,000;0,000;0,000;0,000;1,000
24;RG300_24.rcp;0;0;313;5;120;313;3;80000;0;0;0;44;1670;300;16,963;0,251;0,017;0,257;0,040;0,660;0,288;4;0,250;1,000;0,000;0,600;0;0,000;0,000;0,000;0,000;1,000
25;RG300_25.rcp;0;0;297;5;120;297;3;80000;0;0;0;50;1706;300;17,490;0,252;0,017;0,257;0,039;0,643;0,337;4;0,250;1,000;0,000;0,600;0;0,000;0,000;0,000;0,000;1,000
26;RG300_26.rcp;0;0;378;5;130;378;3;81000;0;0;0;45;1738;300;17,320;0,252;0,017;0,294;0,042;0,685;0,327;4;0,250;1,000;0,000;0,600;0;0,000;0,000;0,000;0,000;1,000
27;RG300_27.rcp;0;0;375;5;140;375;3;80000;0;0;0;43;1702;300;17,317;0,252;0,017;0,294;0,046;0,681;0,335;4;0,250;1,000;0,000;0,600;0;0,000;0,000;0,000;0,000;1,000
28;RG300_28.rcp;0;0;316;5;130;317;3;80000;0;0;0;45;1740;300;17,197;0,252;0,013;0,136;0,048;0,565;0,171;4;0,250;1,000;0,000;0,600;0;0,000;0,000;0,000;0,000;1,000
29;RG300_29.rcp;0;0;318;5;140;320;3;77000;0;0;0;43;1626;300;17,327;0,252;0,017;0,306;0,049;0,683;0,337;4;0,250;1,000;0,000;0,600;0;0,000;0,000;0,000;0,000;1,000
30;RG300_30.rcp;0;0;370;5;120;370;3;79000;0;0;0;42;1663;300;17,423;0,252;0,017;0,286;0,042;0,669;0,308;4;0,250;1,000;0,000;0,600;0;0,000;0,000;0,000;0,000;1,000
31;RG300_31.rcp;0;0;431;5;200;432;3;83000;0;0;0;41;1592;300;16,987;0,251;0,017;0,314;0,049;0,698;0,334;4;0,250;1,000;0,000;0,800;0;0,000;0,000;0,000;0,000;1,000
32;RG300_32.rcp;0;0;395;5;280;395;3;84000;0;0;0;44;1565;300;17,643;0,252;0,017;0,286;0,043;0,670;0,342;4;0,250;1,000;0,000;0,800;0;0,000;0,000;0,000;0,000;1,000
33;RG300_33.rcp;0;0;451;5;180;453;3;84000;0;0;0;46;1661;300;17,353;0,252;0,017;0,273;0,042;0,658;0,301;4;0,250;1,000;0,000;0,800;0;0,000;0,000;0,000;0,000;1,000
34;RG300_34.rcp;0;0;489;5;190;495;3;85000;0;0;0;44;1749;300;17,360;0,252;0,017;0,273;0,041;0,662;0,306;4;0,250;1,000;0,000;0,800;0;0,000;0,000;0,000;0,000;1,000
35;RG300_35.rcp;0;0;452;5;150;452;3;85000;0;0;0;47;1627;300;17,927;0,252;0,017;0,314;0,051;0,699;0,367;4;0,250;1,000;0,000;0,800;0;0,000;0,000;0,000;0,000;1,000
36;RG300_36.rcp;0;0;469;5;220;469;3;84000;0;0;0;44;1748;300;17,493;0,252;0,017;0,278;0,047;0,685;0,328;4;0,250;1,000;0,000;0,800;0;0,000;0,000;0,000;0,000;1,000
37;RG300_37.rcp;0;0;397;5;190;397;3;84000;0;0;0;42;1617;300;17,647;0,252;0,017;0,261;0,046;0,658;0,327;4;0,250;1,000;0,000;0,800;0;0,000;0,000;0,000;0,000;1,000
38;RG300_38.rcp;0;0;462;5;170;464;3;84000;0;0;0;43;1622;300;16,963;0,252;0,017;0,212;0,043;0,645;0,297;4;0,250;1,000;0,000;0,800;0;0,000;0,000;0,000;0,000;1,000
39;RG300_39.rcp;0;0;426;5;170;426;3;84000;0;0;0;43;1555;300;17,593;0,252;0,017;0,286;0,041;0,654;0,314;4;0,250;1,000;0,000;0,800;0;0,000;0,000;0,000;0,000;1,000
40;RG300_40.rcp;0;0;443;5;170;444;3;83000;0;0;0;41;1622;300;17,603;0,252;0,017;0,245;0,036;0,636;0,318;4;0,250;1,000;0,000;0,800;0;0,000;0,000;0,000;0,000;1,000
41;RG300_41.rcp;0;0;175;Capacity LB;0;176;3;77000;0;0;0;48;1660;300;17,433;0,251;0,017;0,265;0,040;0,669;0,302;4;0,500;2,000;0,066;0,200;0;0,000;0,000;0,000;0,000;1,000
42;RG300_42.rcp;0;0;188;Capacity LB;0;189;3;77000;0;0;0;44;1716;300;17,477;0,252;0,013;0,140;0,042;0,582;0,181;4;0,500;2,000;0,058;0,200;0;0,000;0,000;0,000;0,000;1,000
43;RG300_43.rcp;0;0;163;Capacity LB;0;166;3;76000;0;0;0;40;1593;300;17,100;0,252;0,017;0,208;0,040;0,629;0,305;4;0,500;2,000;0,064;0,200;0;0,000;0,000;0,000;0,000;1,000
44;RG300_44.rcp;0;0;182;Capacity LB;0;182;3;7000;0;0;0;42;1651;300;17,117;0,252;0,017;0,208;0,034;0,626;0,295;4;0,500;2,000;0,069;0,200;0;0,000;0,000;0,000;0,000;1,000
45;RG300_45.rcp;0;0;176;Capacity LB;0;177;3;76000;0;0;0;38;1636;300;17,030;0,252;0,013;0,153;0,045;0,600;0,197;4;0,500;2,000;0,056;0,200;0;0,000;0,000;0,000;0,000;1,000
46;RG300_46.rcp;0;0;187;Capacity LB;0;188;3;78000;0;0;0;43;1738;300;17,360;0,252;0,017;0,273;0,044;0,657;0,339;4;0,500;2,000;0,046;0,200;0;0,000;0,000;0,000;0,000;1,000
47;RG300_47.rcp;0;0;171;Capacity LB;0;172;3;76000;0;0;0;38;1606;300;17,660;0,252;0,017;0,306;0,044;0,672;0,355;4;0,500;2,000;0,054;0,200;0;0,000;0,000;0,000;0,000;1,000
48;RG300_48.rcp;0;0;175;Capacity LB;0;178;3;77000;0;0;0;39;1671;300;17,043;0,252;0,013;0,153;0,043;0,598;0,186;4;0,500;2,000;0,058;0,200;0;0,000;0,000;0,000;0,000;1,000
49;RG300_49.rcp;0;0;179;Capacity LB;0;179;3;7000;0;0;0;45;1594;300;17,067;0,252;0,013;0,195;0,051;0,633;0,184;4;0,500;2,000;0,066;0,200;0;0,000;0,000;0,000;0,000;1,000
50;RG300_50.rcp;0;0;176;Capacity LB;0;178;3;76000;0;0;0;38;1605;300;17,513;0,252;0,017;0,294;0,046;0,676;0,365;4;0,500;2,000;0,064;0,200;0;0,000;0,000;0,000;0,000;1,000
51;RG300_51.rcp;0;0;360;Capacity LB;0;368;3;84000;0;0;0;41;1603;300;17,440;0,252;0,017;0,200;0,033;0,609;0,339;4;0,500;2,000;0,002;0,400;0;0,000;0,000;0,000;0,000;1,000
52;RG300_52.rcp;0;0;373;Capacity LB;0;392;3;84000;0;0;0;46;1668;300;16,990;0,252;0,017;0,257;0,039;0,662;0,298;4;0,500;2,000;0,009;0,400;0;0,000;0,000;0,000;0,000;1,000
53;RG300_53.rcp;0;0;373;Capacity LB;0;380;3;82000;0;0;0;40;1610;300;16,710;0,252;0,013;0,153;0,047;0,604;0,191;4;0,500;2,000;0,010;0,400;0;0,000;0,000;0,000;0,000;1,000
54;RG300_54.rcp;0;0;377;Capacity LB;0;396;3;79000;0;0;0;44;1698;300;17,000;0,252;0,017;0,286;0,049;0,694;0,328;4;0,500;2,000;0,005;0,400;0;0,000;0,000;0,000;0,000;1,000
55;RG300_55.rcp;0;0;363;Capacity LB;0;378;3;85000;0;0;0;45;1653;300;18,047;0,252;0,017;0,261;0,042;0,643;0,343;4;0,500;2,000;0,005;0,400;0;0,000;0,000;0,000;0,000;1,000
56;RG300_56.rcp;0;0;350;Capacity LB;0;375;3;84000;0;0;0;44;1668;300;16,803;0,252;0,017;0,224;0,040;0,631;0,305;4;0,500;2,000;0,003;0,400;0;0,000;0,000;0,000;0,000;1,000
57;RG300_57.rcp;0;0;366;Capacity LB;0;382;3;82000;0;0;0;47;1651;300;17,287;0,252;0,017;0,290;0,043;0,679;0,310;4;0,500;2,000;0,000;0,400;0;0,000;0,000;0,000;0,000;1,000
58;RG300_58.rcp;0;0;334;Capacity LB;0;360;3;81000;0;0;0;42;1620;300;17,443;0,252;0,017;0,282;0,039;0,651;0,319;4;0,500;2,000;0,005;0,400;0;0,000;0,000;0,000;0,000;1,000
59;RG300_59.rcp;0;0;354;Capacity LB;0;379;3;85000;0;0;0;42;1713;300;17,740;0,252;0,013;0,191;0,055;0,611;0,252;4;0,500;2,000;0,006;0,400;0;0,000;0,000;0,000;0,000;1,000
60;RG300_60.rcp;0;0;378;Capacity LB;0;384;3;84000;0;0;0;45;1608;300;17,370;0,252;0,017;0,306;0,051;0,702;0,337;4;0,500;2,000;0,003;0,400;0;0,000;0,000;0,000;0,000;1,000
61;RG300_61.rcp;0;0;600;5;270;613;3;86000;0;0;0;44;1687;300;17,627;0,252;0,017;0,265;0,048;0,668;0,343;4;0,500;2,000;0,000;0,600;0;0,000;0,000;0,000;0,000;1,000
62;RG300_62.rcp;0;0;569;5;270;594;3;92000;0;0;0;41;1638;300;17,237;0,252;0,017;0,245;0,046;0,664;0,316;4;0,500;2,000;0,000;0,600;0;0,000;0,000;0,000;0,000;1,000
63;RG300_63.rcp;0;0;596;5;350;607;3;90000;0;0;0;44;1671;300;17,640;0,252;0,017;0,327;0,046;0,696;0,352;4;0,500;2,000;0,000;0,600;0;0,000;0,000;0,000;0,000;1,000
64;RG300_64.rcp;0;0;624;5;300;625;3;90000;0;0;0;41;1642;300;16,500;0,252;0,013;0,153;0,043;0,588;0,173;4;0,500;2,000;0,000;0,600;0;0,000;0,000;0,000;0,000;1,000
65;RG300_65.rcp;0;0;605;5;290;607;3;91000;0;0;0;38;1620;300;17,297;0,252;0,017;0,282;0,042;0,680;0,324;4;0,500;2,000;0,000;0,600;0;0,000;0,000;0,000;0,000;1,000
66;RG300_66.rcp;0;0;579;5;280;610;3;93000;0;0;0;44;1676;300;17,560;0,252;0,017;0,290;0,043;0,677;0,324;4;0,500;2,000;0,000;0,600;0;0,000;0,000;0,000;0,000;1,000
67;RG300_67.rcp;0;0;589;5;290;599;3;91000;0;0;0;47;1627;300;17,330;0,252;0,017;0,282;0,040;0,658;0,328;4;0,500;2,000;0,000;0,600;0;0,000;0,000;0,000;0,000;1,000
68;RG300_68.rcp;0;0;583;5;300;592;3;92000;0;0;0;42;1636;300;17,327;0,252;0,017;0,310;0,045;0,678;0,362;4;0,500;2,000;0,000;0,600;0;0,000;0,000;0,000;0,000;1,000
69;RG300_69.rcp;0;0;584;5;280;619;3;85000;0;0;0;46;1688;300;16,747;0,252;0,017;0,208;0,040;0,627;0,310;4;0,500;2,000;0,000;0,600;0;0,000;0,000;0,000;0,000;1,000
70;RG300_70.rcp;0;0;630;5;270;634;3;86000;0;0;0;48;1705;300;17,333;0,252;0,017;0,327;0,050;0,700;0,329;4;0,500;2,000;0,000;0,600;0;0,000;0,000;0,000;0,000;1,000
71;RG300_71.rcp;0;0;786;5;260;794;3;97000;0;0;0;44;1602;300;17,120;0,252;0,013;0,140;0,047;0,588;0,164;4;0,500;2,000;0,000;0,800;0;0,000;0,000;0,000;0,000;1,000
72;RG300_72.rcp;0;0;769;5;280;775;3;97000;0;0;0;44;1597;300;17,117;0,252;0,017;0,302;0,049;0,685;0,311;4;0,500;2,000;0,000;0,800;0;0,000;0,000;0,000;0,000;1,000
73;RG300_73.rcp;0;0;829;5;260;831;3;99000;0;0;0;42;1665;300;17,123;0,252;0,013;0,165;0,045;0,599;0,191;4;0,500;2,000;0,000;0,800;0;0,000;0,000;0,000;0,000;1,000
74;RG300_74.rcp;0;0;778;5;230;784;3;98000;0;0;0;39;1631;300;17,343;0,252;0,013;0,161;0,041;0,576;0,162;4;0,500;2,000;0,000;0,800;0;0,000;0,000;0,000;0,000;1,000
75;RG300_75.rcp;0;0;791;5;200;807;3;96000;0;0;0;45;1659;300;17,213;0,252;0,017;0,302;0,045;0,682;0,331;4;0,500;2,000;0,000;0,800;0;0,000;0,000;0,000;0,000;1,000
76;RG300_76.rcp;0;0;785;5;220;795;3;98000;0;0;0;39;1602;300;17,123;0,252;0,013;0,169;0,045;0,604;0,169;4;0,500;2,000;0,000;0,800;0;0,000;0,000;0,000;0,000;1,000
77;RG300_77.rcp;0;0;801;5;240;812;3;97000;0;0;0;42;1636;300;17,120;0,252;0,017;0,278;0,039;0,663;0,308;4;0,500;2,000;0,000;0,800;0;0,000;0,000;0,000;0,000;1,000
78;RG300_78.rcp;0;0;804;5;230;814;3;97000;0;0;0;44;1660;300;17,213;0,252;0,017;0,253;0,039;0,656;0,295;4;0,500;2,000;0,000;0,800;0;0,000;0,000;0,000;0,000;1,000
79;RG300_79.rcp;0;0;838;5;200;842;3;99000;0;0;0;43;1693;300;17,020;0,252;0,020;0,325;0,032;0,688;0,394;4;0,500;2,000;0,000;0,800;0;0,000;0,000;0,000;0,000;1,000
80;RG300_80.rcp;0;0;818;5;220;828;3;95000;0;0;0;41;1659;300;16,947;0,252;0,013;0,182;0,047;0,617;0,190;4;0,500;2,000;0,000;0,800;0;0,000;0,000;0,000;0,000;1,000
81;RG300_81.rcp;0;0;243;Capacity LB;0;249;3;79000;0;0;0;46;1545;300;17,483;0,252;0,013;0,165;0,044;0,557;0,193;4;0,750;3,000;0,042;0,200;0;0,000;0,000;0,000;0,000;1,000
82;RG300_82.rcp;0;0;239;Capacity LB;0;249;3;80000;0;0;0;42;1539;300;17,380;0,252;0,013;0,110;0,043;0,560;0,181;4;0,750;3,000;0,044;0,200;0;0,000;0,000;0,000;0,000;1,000
83;RG300_83.rcp;0;0;255;Capacity LB;0;264;3;74000;0;0;0;49;1630;300;17,063;0,252;0,017;0,220;0,039;0,634;0,304;4;0,750;3,000;0,040;0,200;0;0,000;0,000;0,000;0,000;1,000
84;RG300_84.rcp;0;0;277;Capacity LB;0;283;3;81000;0;0;0;45;1742;300;17,433;0,252;0,013;0,153;0,041;0,571;0,177;4;0,750;3,000;0,045;0,200;0;0,000;0,000;0,000;0,000;1,000
85;RG300_85.rcp;0;0;254;Capacity LB;0;263;3;79000;0;0;0;46;1642;300;17,380;0,252;0,017;0,208;0,038;0,617;0,305;4;0,750;3,000;0,038;0,200;0;0,000;0,000;0,000;0,000;1,000
86;RG300_86.rcp;0;0;266;Capacity LB;0;276;3;80000;0;0;0;42;1685;300;16,390;0,252;0,017;0,224;0,039;0,643;0,307;4;0,750;3,000;0,038;0,200;0;0,000;0,000;0,000;0,000;1,000
87;RG300_87.rcp;0;0;253;Capacity LB;0;263;3;80000;0;0;0;48;1645;300;17,497;0,252;0,017;0,269;0,046;0,660;0,325;4;0,750;3,000;0,034;0,200;0;0,000;0,000;0,000;0,000;1,000
88;RG300_88.rcp;0;0;256;Capacity LB;0;264;3;77000;0;0;0;50;1617;300;17,350;0,252;0,017;0,273;0,042;0,673;0,326;4;0,750;3,000;0,037;0,200;0;0,000;0,000;0,000;0,000;1,000
89;RG300_89.rcp;0;0;257;Capacity LB;0;264;3;80000;0;0;0;44;1627;300;16,940;0,252;0,017;0,249;0,039;0,664;0,309;4;0,750;3,000;0,046;0,200;0;0,000;0,000;0,000;0,000;1,000
90;RG300_90.rcp;0;0;258;Capacity LB;0;266;3;79000;0;0;0;44;1630;300;16,380;0,252;0,020;0,329;0,031;0,694;0,373;4;0,750;3,000;0,039;0,200;0;0,000;0,000;0,000;0,000;1,000
91;RG300_91.rcp;0;0;495;Capacity LB;0;555;3;92000;0;0;0;43;1613;300;17,633;0,252;0,013;0,161;0,040;0,578;0,194;4;0,750;3,000;0,001;0,400;0;0,000;0,000;0,000;0,000;1,000
92;RG300_92.rcp;0;0;521;Capacity LB;0;588;3;92000;0;0;0;47;1716;300;17,613;0,252;0,017;0,294;0,039;0,680;0,341;4;0,750;3,000;0,002;0,400;0;0,000;0,000;0,000;0,000;1,000
93;RG300_93.rcp;0;0;504;4;3600040;564;3;90000;0;0;0;44;1646;300;16,803;0,252;0,017;0,241;0,040;0,652;0,288;4;0,750;3,000;0,004;0,400;0;0,000;0,000;0,000;0,000;1,000
94;RG300_94.rcp;0;0;529;Capacity LB;0;557;3;85000;0;0;0;40;1589;300;17,823;0,252;0,017;0,253;0,045;0,645;0,349;4;0,750;3,000;0,001;0,400;0;0,000;0,000;0,000;0,000;1,000
95;RG300_95.rcp;0;0;525;4;3600580;581;3;90000;0;0;0;44;1680;300;17,310;0,252;0,013;0,161;0,047;0,610;0,148;4;0,750;3,000;0,001;0,400;0;0,000;0,000;0,000;0,000;1,000
96;RG300_96.rcp;0;0;493;Capacity LB;0;544;3;91000;0;0;0;46;1594;300;17,630;0,252;0,013;0,144;0,045;0,576;0,211;4;0,750;3,000;0,002;0,400;0;0,000;0,000;0,000;0,000;1,000
97;RG300_97.rcp;0;0;490;Capacity LB;0;549;3;88000;0;0;0;40;1620;300;17,147;0,252;0,013;0,182;0,043;0,582;0,177;4;0,750;3,000;0,002;0,400;0;0,000;0,000;0,000;0,000;1,000
98;RG300_98.rcp;0;0;533;Capacity LB;0;588;3;90000;0;0;0;46;1679;300;17,440;0,252;0,017;0,314;0,046;0,696;0,343;4;0,750;3,000;0,002;0,400;0;0,000;0,000;0,000;0,000;1,000
99;RG300_99.rcp;0;0;546;Capacity LB;0;598;3;85000;0;0;0;49;1717;300;16,873;0,252;0,017;0,253;0,041;0,677;0,312;4;0,750;3,000;0,003;0,400;0;0,000;0,000;0,000;0,000;1,000
100;RG300_100.rcp;0;0;507;4;3600020;544;3;91000;0;0;0;37;1606;300;17,490;0,252;0,017;0,245;0,041;0,633;0,324;4;0,750;3,000;0,002;0,400;0;0,000;0,000;0,000;0,000;1,000
101;RG300_101.rcp;0;0;1014;2;152;1095;3;108000;0;0;0;47;1737;300;16,870;0,252;0,017;0,253;0,045;0,660;0,319;4;0,750;3,000;0,000;0,600;0;0,000;0,000;0,000;0,000;1,000
102;RG300_102.rcp;0;0;972;4;3600040;1023;3;103000;0;0;0;46;1641;300;16,797;0,252;0,017;0,249;0,040;0,653;0,335;4;0,750;3,000;0,000;0,600;0;0,000;0,000;0,000;0,000;1,000
103;RG300_103.rcp;0;0;949;4;3600060;1029;3;105000;0;0;0;48;1612;300;17,037;0,252;0,017;0,245;0,042;0,645;0,350;4;0,750;3,000;0,000;0,600;0;0,000;0,000;0,000;0,000;1,000
104;RG300_104.rcp;0;0;913;2;146;977;3;102000;0;0;0;41;1560;300;17,387;0,252;0,013;0,165;0,049;0,602;0,201;4;0,750;3,000;0,000;0,600;0;0,000;0,000;0,000;0,000;1,000
105;RG300_105.rcp;0;0;1042;4;3600040;1095;3;98000;0;0;0;41;1695;300;16,837;0,252;0,013;0,106;0,037;0,505;0,160;4;0,750;3,000;0,000;0,600;0;0,000;0,000;0,000;0,000;1,000
106;RG300_106.rcp;0;0;981;2;152;1025;3;104000;0;0;0;51;1602;300;17,033;0,251;0,017;0,282;0,042;0,655;0,273;4;0,750;3,000;0,000;0,600;0;0,000;0,000;0,000;0,000;1,000
107;RG300_107.rcp;0;0;1009;2;155;1082;3;107000;0;0;0;38;1662;300;17,957;0,252;0,013;0,136;0,041;0,539;0,208;4;0,750;3,000;0,000;0,600;0;0,000;0,000;0,000;0,000;1,000
108;RG300_108.rcp;0;0;1007;4;3600020;1076;3;99000;0;0;0;51;1670;300;17,340;0,252;0,020;0,333;0,041;0,706;0,407;4;0,750;3,000;0,000;0,600;0;0,000;0,000;0,000;0,000;1,000
109;RG300_109.rcp;0;0;1019;4;3600020;1055;3;105000;0;0;0;41;1631;300;17,287;0,252;0,017;0,302;0,048;0,687;0,327;4;0,750;3,000;0,000;0,600;0;0,000;0,000;0,000;0,000;1,000
110;RG300_110.rcp;0;0;957;2;148;1027;3;105000;0;0;0;45;1592;300;17,530;0,252;0,017;0,273;0,042;0,668;0,307;4;0,750;3,000;0,000;0,600;0;0,000;0,000;0,000;0,000;1,000
111;RG300_111.rcp;0;0;1653;2;229;1653;3;1000;1653;4;6230;43;1696;300;17,030;0,252;0,013;0,169;0,045;0,588;0,181;4;0,750;3,000;0,000;0,800;0;0,000;0,000;0,000;0,000;1,000
112;RG300_112.rcp;0;0;1564;2;214;1564;3;1000;1564;4;2809460;43;1624;300;17,190;0,252;0,013;0,169;0,044;0,597;0,183;4;0,750;3,000;0,000;0,800;0;0,000;0,000;0,000;0,000;1,000
113;RG300_113.rcp;0;0;1623;2;224;1623;3;1000;0;0;0;48;1654;300;16,990;0,252;0,017;0,220;0,040;0,622;0,296;4;0,750;3,000;0,000;0,800;0;0,000;0,000;0,000;0,000;1,000
114;RG300_114.rcp;0;0;1639;4;3601510;1640;3;127000;0;0;0;44;1694;300;16,993;0,252;0,020;0,313;0,045;0,689;0,348;4;0,750;3,000;0,000;0,800;0;0,000;0,000;0,000;0,000;1,000
115;RG300_115.rcp;0;0;1621;4;8770;1621;3;124000;1621;4;8770;43;1681;300;17,057;0,252;0,013;0,144;0,047;0,584;0,164;4;0,750;3,000;0,000;0,800;0;0,000;0,000;0,000;0,000;1,000
116;RG300_116.rcp;0;0;1643;2;238;1643;3;11000;0;0;0;42;1686;300;17,127;0,252;0,017;0,237;0,043;0,651;0,324;4;0,750;3,000;0,000;0,800;0;0,000;0,000;0,000;0,000;1,000
117;RG300_117.rcp;0;0;1646;2;221;1646;3;11000;1646;4;830;45;1691;300;17,093;0,252;0,020;0,301;0,036;0,680;0,406;4;0,750;3,000;0,000;0,800;0;0,000;0,000;0,000;0,000;1,000
118;RG300_118.rcp;0;0;1625;2;225;1625;3;1000;1625;4;70;46;1645;300;17,050;0,252;0,017;0,237;0,039;0,639;0,287;4;0,750;3,000;0,000;0,800;0;0,000;0,000;0,000;0,000;1,000
119;RG300_119.rcp;0;0;1619;2;222;1619;3;1000;0;0;0;43;1673;300;16,680;0,252;0,013;0,136;0,051;0,601;0,164;4;0,750;3,000;0,000;0,800;0;0,000;0,000;0,000;0,000;1,000
120;RG300_120.rcp;0;0;1607;2;227;1607;3;1000;1607;4;1510;46;1666;300;17,620;0,252;0,017;0,216;0,037;0,613;0,336;4;0,750;3,000;0,000;0,800;0;0,000;0,000;0,000;0,000;1,000
121;RG300_121.rcp;0;0;348;Capacity LB;0;365;3;84000;0;0;0;54;1691;300;17,147;0,252;0,017;0,278;0,039;0,662;0,299;4;1,000;4,000;0,024;0,200;0;0,000;0,000;0,000;0,000;1,000
122;RG300_122.rcp;0;0;345;Capacity LB;0;365;3;84000;0;0;0;42;1713;300;16,930;0,252;0,013;0,081;0,039;0,540;0,159;4;1,000;4,000;0,030;0,200;0;0,000;0,000;0,000;0,000;1,000
123;RG300_123.rcp;0;0;328;Capacity LB;0;340;3;82000;0;0;0;42;1598;300;17,073;0,252;0,017;0,229;0,034;0,622;0,297;4;1,000;4,000;0,028;0,200;0;0,000;0,000;0,000;0,000;1,000
124;RG300_124.rcp;0;0;341;Capacity LB;0;354;3;81000;0;0;0;42;1681;300;17,337;0,252;0,017;0,273;0,038;0,654;0,327;4;1,000;4,000;0,033;0,200;0;0,000;0,000;0,000;0,000;1,000
125;RG300_125.rcp;0;0;321;Capacity LB;0;335;3;83000;0;0;0;44;1556;300;17,437;0,252;0,017;0,204;0,041;0,603;0,316;4;1,000;4,000;0,027;0,200;0;0,000;0,000;0,000;0,000;1,000
126;RG300_126.rcp;0;0;343;Capacity LB;0;362;3;83000;0;0;0;45;1697;300;16,813;0,252;0,017;0,290;0,044;0,680;0,312;4;1,000;4,000;0,023;0,200;0;0,000;0,000;0,000;0,000;1,000
127;RG300_127.rcp;0;0;347;Capacity LB;0;367;3;86000;0;0;0;48;1702;300;17,490;0,252;0,020;0,345;0,038;0,708;0,387;4;1,000;4,000;0,030;0,200;0;0,000;0,000;0,000;0,000;1,000
128;RG300_128.rcp;0;0;336;Capacity LB;0;354;3;78000;0;0;0;45;1633;300;17,497;0,252;0,017;0,233;0,037;0,623;0,323;4;1,000;4,000;0,026;0,200;0;0,000;0,000;0,000;0,000;1,000
129;RG300_129.rcp;0;0;340;Capacity LB;0;354;3;83000;0;0;0;41;1663;300;16,627;0,252;0,013;0,144;0,044;0,576;0,168;4;1,000;4,000;0,027;0,200;0;0,000;0,000;0,000;0,000;1,000
130;RG300_130.rcp;0;0;332;Capacity LB;0;351;3;84000;0;0;0;40;1679;300;17,447;0,252;0,017;0,249;0,036;0,658;0,320;4;1,000;4,000;0,029;0,200;0;0,000;0,000;0,000;0,000;1,000
131;RG300_131.rcp;0;0;703;4;3600060;784;3;97000;0;0;0;41;1685;300;17,493;0,252;0,013;0,140;0,042;0,569;0,162;4;1,000;4,000;0,000;0,400;0;0,000;0,000;0,000;0,000;1,000
132;RG300_132.rcp;0;0;697;4;3600030;783;3;92000;0;0;0;45;1649;300;17,520;0,252;0,013;0,165;0,049;0,601;0,183;4;1,000;4,000;0,000;0,400;0;0,000;0,000;0,000;0,000;1,000
133;RG300_133.rcp;0;0;678;4;3600250;748;3;90000;0;0;0;54;1642;300;17,013;0,252;0,017;0,200;0,036;0,610;0,278;4;1,000;4,000;0,003;0,400;0;0,000;0,000;0,000;0,000;1,000
134;RG300_134.rcp;0;0;677;4;3600050;752;3;98000;0;0;0;44;1615;300;17,063;0,252;0,017;0,269;0,042;0,669;0,318;4;1,000;4,000;0,001;0,400;0;0,000;0,000;0,000;0,000;1,000
135;RG300_135.rcp;0;0;702;4;3600050;790;3;98000;0;0;0;45;1704;300;17,583;0,252;0,013;0,169;0,051;0,607;0,196;4;1,000;4,000;0,002;0,400;0;0,000;0,000;0,000;0,000;1,000
136;RG300_136.rcp;0;0;686;4;3600160;757;3;92000;0;0;0;44;1608;300;17,050;0,252;0,017;0,282;0,042;0,666;0,337;4;1,000;4,000;0,001;0,400;0;0,000;0,000;0,000;0,000;1,000
137;RG300_137.rcp;0;0;708;4;3600360;786;3;97000;0;0;0;44;1666;300;17,673;0,252;0,017;0,298;0,046;0,674;0,342;4;1,000;4,000;0,001;0,400;0;0,000;0,000;0,000;0,000;1,000
138;RG300_138.rcp;0;0;668;4;3600100;749;3;89000;0;0;0;36;1633;300;17,187;0,252;0,013;0,127;0,040;0,555;0,158;4;1,000;4,000;0,003;0,400;0;0,000;0,000;0,000;0,000;1,000
139;RG300_139.rcp;0;0;684;4;3600040;764;3;98000;0;0;0;41;1659;300;16,833;0,252;0,013;0,127;0,048;0,582;0,169;4;1,000;4,000;0,003;0,400;0;0,000;0,000;0,000;0,000;1,000
140;RG300_140.rcp;0;0;709;4;3600090;794;3;93000;0;0;0;43;1697;300;17,793;0,252;0,013;0,186;0,050;0,605;0,214;4;1,000;4,000;0,002;0,400;0;0,000;0,000;0,000;0,000;1,000
141;RG300_141.rcp;0;0;1545;4;3600060;1548;3;121000;0;0;0;44;1687;300;16,860;0,252;0,017;0,249;0,037;0,638;0,310;4;1,000;4,000;0,000;0,600;0;0,000;0,000;0,000;0,000;1,000
142;RG300_142.rcp;0;0;1514;2;213;1516;3;120000;0;0;0;42;1659;300;16,900;0,252;0,017;0,253;0,040;0,670;0,291;4;1,000;4,000;0,000;0,600;0;0,000;0,000;0,000;0,000;1,000
143;RG300_143.rcp;0;0;1411;2;210;1421;3;120000;0;0;0;42;1567;300;17,347;0,252;0,017;0,229;0,036;0,627;0,329;4;1,000;4,000;0,000;0,600;0;0,000;0,000;0,000;0,000;1,000
144;RG300_144.rcp;0;0;1506;2;210;1512;3;120000;0;0;0;40;1680;300;16,727;0,252;0,013;0,127;0,041;0,557;0,183;4;1,000;4,000;0,000;0,600;0;0,000;0,000;0,000;0,000;1,000
145;RG300_145.rcp;0;0;1546;4;3600180;1551;3;122000;0;0;0;43;1682;300;16,880;0,252;0,017;0,233;0,040;0,632;0,309;4;1,000;4,000;0,000;0,600;0;0,000;0,000;0,000;0,000;1,000
146;RG300_146.rcp;0;0;1451;2;213;1453;3;122000;0;0;0;39;1599;300;17,627;0,252;0,017;0,241;0,040;0,645;0,314;4;1,000;4,000;0,000;0,600;0;0,000;0,000;0,000;0,000;1,000
147;RG300_147.rcp;0;0;1458;2;214;1465;3;119000;0;0;0;40;1594;300;17,527;0,252;0,017;0,249;0,044;0,652;0,341;4;1,000;4,000;0,000;0,600;0;0,000;0,000;0,000;0,000;1,000
148;RG300_148.rcp;0;0;1415;2;229;1423;3;115000;0;0;0;42;1566;300;16,943;0,252;0,017;0,229;0,037;0,616;0,327;4;1,000;4,000;0,000;0,600;0;0,000;0,000;0,000;0,000;1,000
149;RG300_149.rcp;0;0;1552;4;3600020;1558;3;125000;0;0;0;43;1730;300;17,497;0,252;0,017;0,282;0,035;0,661;0,329;4;1,000;4,000;0,000;0,600;0;0,000;0,000;0,000;0,000;1,000
150;RG300_150.rcp;0;0;1483;4;3600020;1493;3;119000;0;0;0;38;1629;300;17,063;0,252;0,017;0,302;0,044;0,695;0,333;4;1,000;4,000;0,000;0,600;0;0,000;0,000;0,000;0,000;1,000
151;RG300_151.rcp;0;0;1645;2;239;1645;3;1000;1645;4;80;42;1650;300;17,277;0,252;0,013;0,131;0,044;0,576;0,190;4;1,000;4,000;0,000;0,800;0;0,000;0,000;0,000;0,000;1,000
152;RG300_152.rcp;0;0;1650;2;235;1650;Sum PT;0;1650;4;40;42;1650;300;17,180;0,252;0,013;0,148;0,046;0,543;0,169;4;1,000;4,000;0,000;0,800;0;0,000;0,000;0,000;0,000;1,000
153;RG300_153.rcp;0;0;1598;2;259;1598;Sum PT;0;1598;4;30;46;1598;300;17,013;0,252;0,017;0,261;0,043;0,673;0,320;4;1,000;4,000;0,000;0,800;0;0,000;0,000;0,000;0,000;1,000
154;RG300_154.rcp;0;0;1681;2;249;1681;3;1000;1681;4;70;46;1682;300;17,140;0,252;0,017;0,216;0,045;0,615;0,320;4;1,000;4,000;0,000;0,800;0;0,000;0,000;0,000;0,000;1,000
155;RG300_155.rcp;0;0;1661;2;254;1661;Sum PT;0;1661;4;30;46;1661;300;17,583;0,252;0,017;0,216;0,032;0,624;0,282;4;1,000;4,000;0,000;0,800;0;0,000;0,000;0,000;0,000;1,000
156;RG300_156.rcp;0;0;1699;2;238;1699;Sum PT;0;1699;4;30;42;1699;300;16,987;0,252;0,017;0,269;0,042;0,664;0,326;4;1,000;4,000;0,000;0,800;0;0,000;0,000;0,000;0,000;1,000
157;RG300_157.rcp;0;0;1618;2;230;1618;Sum PT;0;1618;4;20;39;1618;300;17,360;0,252;0,013;0,195;0,053;0,638;0,186;4;1,000;4,000;0,000;0,800;0;0,000;0,000;0,000;0,000;1,000
158;RG300_158.rcp;0;0;1513;2;231;1513;Sum PT;0;1513;4;20;38;1513;300;17,167;0,252;0,017;0,265;0,045;0,669;0,295;4;1,000;4,000;0,000;0,800;0;0,000;0,000;0,000;0,000;1,000
159;RG300_159.rcp;0;0;1691;2;237;1691;3;1000;1691;4;80;43;1693;300;17,047;0,252;0,017;0,286;0,045;0,683;0,343;4;1,000;4,000;0,000;0,800;0;0,000;0,000;0,000;0,000;1,000
160;RG300_160.rcp;0;0;1734;2;233;1734;Sum PT;0;1734;4;30;50;1734;300;16,957;0,252;0,013;0,085;0,040;0,535;0,167;4;1,000;4,000;0,000;0,800;0;0,000;0,000;0,000;0,000;1,000
161;RG300_161.rcp;0;0;96;Capacity LB;0;96;3;650;0;0;0;61;1631;300;17,030;0,501;0,023;0,133;0,073;0,796;0,101;4;0,250;1,000;0,243;0,200;0;0,000;0,000;0,000;0,000;1,000
162;RG300_162.rcp;0;0;82;Capacity LB;0;83;3;67000;0;0;0;57;1515;300;16,900;0,501;0,027;0,220;0,070;0,814;0,184;4;0,250;1,000;0,171;0,200;0;0,000;0,000;0,000;0,000;1,000
163;RG300_163.rcp;0;0;97;Capacity LB;0;97;3;640;0;0;0;65;1697;300;17,373;0,501;0,027;0,204;0,055;0,803;0,203;4;0,250;1,000;0,214;0,200;0;0,000;0,000;0,000;0,000;1,000
164;RG300_164.rcp;0;0;101;Capacity LB;0;101;3;630;0;0;0;69;1667;300;16,293;0,501;0,027;0,128;0,054;0,764;0,140;4;0,250;1,000;0,153;0,200;0;0,000;0,000;0,000;0,000;1,000
165;RG300_165.rcp;0;0;97;Capacity LB;0;97;3;660;0;0;0;60;1663;300;16,970;0,501;0,027;0,081;0,055;0,762;0,181;4;0,250;1,000;0,205;0,200;0;0,000;0,000;0,000;0,000;1,000
166;RG300_166.rcp;0;0;98;Capacity LB;0;98;3;640;0;0;0;70;1583;300;16,293;0,501;0,027;0,128;0,054;0,764;0,140;4;0,250;1,000;0,224;0,200;0;0,000;0,000;0,000;0,000;1,000
167;RG300_167.rcp;0;0;83;Capacity LB;0;84;3;68000;0;0;0;62;1607;300;17,030;0,501;0,023;0,133;0,073;0,796;0,101;4;0,250;1,000;0,197;0,200;0;0,000;0,000;0,000;0,000;1,000
168;RG300_168.rcp;0;0;92;Capacity LB;0;94;3;68000;0;0;0;59;1656;300;17,373;0,501;0,027;0,204;0,055;0,803;0,203;4;0,250;1,000;0,226;0,200;0;0,000;0,000;0,000;0,000;1,000
169;RG300_169.rcp;0;0;98;Capacity LB;0;98;3;640;0;0;0;71;1694;300;16,900;0,501;0,027;0,220;0,070;0,814;0,184;4;0,250;1,000;0,182;0,200;0;0,000;0,000;0,000;0,000;1,000
170;RG300_170.rcp;0;0;100;Capacity LB;0;100;3;650;0;0;0;64;1639;300;17,373;0,501;0,027;0,204;0,055;0,803;0,203;4;0,250;1,000;0,209;0,200;0;0,000;0,000;0,000;0,000;1,000
171;RG300_171.rcp;0;0;190;Capacity LB;0;191;3;69000;0;0;0;64;1630;300;16,467;0,501;0,027;0,129;0,052;0,765;0,171;4;0,250;1,000;0,041;0,400;0;0,000;0,000;0,000;0,000;1,000
172;RG300_172.rcp;0;0;195;Capacity LB;0;195;3;65000;0;0;0;69;1666;300;16,293;0,501;0,027;0,128;0,054;0,764;0,140;4;0,250;1,000;0,036;0,400;0;0,000;0,000;0,000;0,000;1,000
173;RG300_173.rcp;0;0;201;Capacity LB;0;203;3;70000;0;0;0;72;1691;300;16,157;0,501;0,030;0,249;0,060;0,825;0,226;4;0,250;1,000;0,029;0,400;0;0,000;0,000;0,000;0,000;1,000
174;RG300_174.rcp;0;0;188;Capacity LB;0;189;3;71000;0;0;0;61;1678;300;17,030;0,501;0,023;0,133;0,073;0,796;0,101;4;0,250;1,000;0,017;0,400;0;0,000;0,000;0,000;0,000;1,000
175;RG300_175.rcp;0;0;180;Capacity LB;0;186;3;70000;0;0;0;68;1630;300;16,900;0,501;0,027;0,220;0,070;0,814;0,184;4;0,250;1,000;0,027;0,400;0;0,000;0,000;0,000;0,000;1,000
176;RG300_176.rcp;0;0;186;Capacity LB;0;194;3;71000;0;0;0;65;1664;300;16,897;0,501;0,027;0,171;0,061;0,790;0,204;4;0,250;1,000;0,019;0,400;0;0,000;0,000;0,000;0,000;1,000
177;RG300_177.rcp;0;0;195;Capacity LB;0;196;3;69000;0;0;0;67;1673;300;16,157;0,501;0,030;0,249;0,060;0,825;0,226;4;0,250;1,000;0,032;0,400;0;0,000;0,000;0,000;0,000;1,000
178;RG300_178.rcp;0;0;168;Capacity LB;0;171;3;67000;0;0;0;65;1631;300;16,293;0,501;0,027;0,128;0,054;0,764;0,140;4;0,250;1,000;0,049;0,400;0;0,000;0,000;0,000;0,000;1,000
179;RG300_179.rcp;0;0;193;Capacity LB;0;193;3;66000;0;0;0;63;1707;300;16,970;0,501;0,027;0,081;0,055;0,762;0,181;4;0,250;1,000;0,014;0,400;0;0,000;0,000;0,000;0,000;1,000
180;RG300_180.rcp;0;0;186;Capacity LB;0;188;3;70000;0;0;0;65;1714;300;16,293;0,501;0,027;0,128;0,054;0,764;0,140;4;0,250;1,000;0,029;0,400;0;0,000;0,000;0,000;0,000;1,000
181;RG300_181.rcp;0;0;292;5;130;297;3;73000;0;0;0;63;1621;300;16,970;0,501;0,027;0,081;0,055;0,762;0,181;4;0,250;1,000;0,000;0,600;0;0,000;0,000;0,000;0,000;1,000
182;RG300_182.rcp;0;0;323;5;130;325;3;73000;0;0;0;62;1731;300;17,030;0,501;0,023;0,133;0,073;0,796;0,101;4;0,250;1,000;0,000;0,600;0;0,000;0,000;0,000;0,000;1,000
183;RG300_183.rcp;0;0;324;5;120;325;3;73000;0;0;0;76;1639;300;16,970;0,501;0,027;0,081;0,055;0,762;0,181;4;0,250;1,000;0,000;0,600;0;0,000;0,000;0,000;0,000;1,000
184;RG300_184.rcp;0;0;295;5;130;296;3;72000;0;0;0;68;1560;300;16,293;0,501;0,027;0,128;0,054;0,764;0,140;4;0,250;1,000;0,000;0,600;0;0,000;0,000;0,000;0,000;1,000
185;RG300_185.rcp;0;0;300;5;100;301;3;71000;0;0;0;63;1595;300;16,293;0,501;0,027;0,128;0,054;0,764;0,140;4;0,250;1,000;0,000;0,600;0;0,000;0,000;0,000;0,000;1,000
186;RG300_186.rcp;0;0;317;5;100;322;3;73000;0;0;0;65;1629;300;16,897;0,501;0,027;0,171;0,061;0,790;0,204;4;0,250;1,000;0,000;0,600;0;0,000;0,000;0,000;0,000;1,000
187;RG300_187.rcp;0;0;314;5;110;315;3;74000;0;0;0;69;1691;300;16,783;0,501;0,027;0,116;0,051;0,780;0,134;4;0,250;1,000;0,000;0,600;0;0,000;0,000;0,000;0,000;1,000
188;RG300_188.rcp;0;0;380;5;140;382;3;72000;0;0;0;63;1740;300;16,467;0,501;0,027;0,129;0,052;0,765;0,171;4;0,250;1,000;0,000;0,600;0;0,000;0,000;0,000;0,000;1,000
189;RG300_189.rcp;0;0;295;5;130;303;3;73000;0;0;0;66;1661;300;17,030;0,501;0,023;0,133;0,073;0,796;0,101;4;0,250;1,000;0,000;0,600;0;0,000;0,000;0,000;0,000;1,000
190;RG300_190.rcp;0;0;345;5;130;345;3;72000;0;0;0;63;1694;300;16,467;0,501;0,027;0,129;0,052;0,765;0,171;4;0,250;1,000;0,000;0,600;0;0,000;0,000;0,000;0,000;1,000
191;RG300_191.rcp;0;0;405;5;130;411;3;76000;0;0;0;71;1654;300;16,970;0,501;0,027;0,081;0,055;0,762;0,181;4;0,250;1,000;0,000;0,800;0;0,000;0,000;0,000;0,000;1,000
192;RG300_192.rcp;0;0;390;5;130;394;3;75000;0;0;0;67;1693;300;16,900;0,501;0,027;0,220;0,070;0,814;0,184;4;0,250;1,000;0,000;0,800;0;0,000;0,000;0,000;0,000;1,000
193;RG300_193.rcp;0;0;393;5;110;397;3;76000;0;0;0;64;1648;300;17,373;0,501;0,027;0,204;0,055;0,803;0,203;4;0,250;1,000;0,000;0,800;0;0,000;0,000;0,000;0,000;1,000
194;RG300_194.rcp;0;0;447;5;130;459;3;76000;0;0;0;63;1602;300;16,783;0,501;0,027;0,116;0,051;0,780;0,134;4;0,250;1,000;0,000;0,800;0;0,000;0,000;0,000;0,000;1,000
195;RG300_195.rcp;0;0;390;5;100;391;3;73000;0;0;0;62;1477;300;16,293;0,501;0,027;0,128;0,054;0,764;0,140;4;0,250;1,000;0,000;0,800;0;0,000;0,000;0,000;0,000;1,000
196;RG300_196.rcp;0;0;430;5;120;430;3;74000;0;0;0;63;1626;300;16,157;0,501;0,030;0,249;0,060;0,825;0,226;4;0,250;1,000;0,000;0,800;0;0,000;0,000;0,000;0,000;1,000
197;RG300_197.rcp;0;0;400;5;120;402;3;74000;0;0;0;70;1618;300;16,597;0,501;0,027;0,193;0,060;0,809;0,182;4;0,250;1,000;0,000;0,800;0;0,000;0,000;0,000;0,000;1,000
198;RG300_198.rcp;0;0;406;5;110;409;3;74000;0;0;0;61;1637;300;16,293;0,501;0,027;0,128;0,054;0,764;0,140;4;0,250;1,000;0,000;0,800;0;0,000;0,000;0,000;0,000;1,000
199;RG300_199.rcp;0;0;367;5;140;373;3;75000;0;0;0;62;1626;300;17,030;0,501;0,023;0,133;0,073;0,796;0,101;4;0,250;1,000;0,000;0,800;0;0,000;0,000;0,000;0,000;1,000
200;RG300_200.rcp;0;0;441;2;203;441;3;710;0;0;0;62;1649;300;16,783;0,501;0,027;0,116;0,051;0,780;0,134;4;0,250;1,000;0,000;0,800;0;0,000;0,000;0,000;0,000;1,000
201;RG300_201.rcp;0;0;172;Capacity LB;0;177;3;69000;0;0;0;59;1641;300;16,293;0,501;0,027;0,128;0,054;0,764;0,140;4;0,500;2,000;0,100;0,200;0;0,000;0,000;0,000;0,000;1,000
202;RG300_202.rcp;0;0;183;Capacity LB;0;185;3;71000;0;0;0;62;1725;300;16,970;0,501;0,027;0,081;0,055;0,762;0,181;4;0,500;2,000;0,091;0,200;0;0,000;0,000;0,000;0,000;1,000
203;RG300_203.rcp;0;0;182;Capacity LB;0;189;3;70000;0;0;0;67;1726;300;16,293;0,501;0,027;0,128;0,054;0,764;0,140;4;0,500;2,000;0,083;0,200;0;0,000;0,000;0,000;0,000;1,000
204;RG300_204.rcp;0;0;186;Capacity LB;0;187;3;71000;0;0;0;65;1706;300;16,783;0,501;0,027;0,116;0,051;0,780;0,134;4;0,500;2,000;0,096;0,200;0;0,000;0,000;0,000;0,000;1,000
205;RG300_205.rcp;0;0;173;Capacity LB;0;174;3;71000;0;0;0;67;1594;300;17,030;0,501;0,023;0,133;0,073;0,796;0,101;4;0,500;2,000;0,120;0,200;0;0,000;0,000;0,000;0,000;1,000
206;RG300_206.rcp;0;0;189;Capacity LB;0;190;3;70000;0;0;0;75;1698;300;16,900;0,501;0,027;0,220;0,070;0,814;0,184;4;0,500;2,000;0,101;0,200;0;0,000;0,000;0,000;0,000;1,000
207;RG300_207.rcp;0;0;175;Capacity LB;0;176;3;70000;0;0;0;57;1635;300;16,293;0,501;0,027;0,128;0,054;0,764;0,140;4;0,500;2,000;0,090;0,200;0;0,000;0,000;0,000;0,000;1,000
208;RG300_208.rcp;0;0;182;Capacity LB;0;183;3;71000;0;0;0;65;1641;300;16,897;0,501;0,027;0,171;0,061;0,790;0,204;4;0,500;2,000;0,117;0,200;0;0,000;0,000;0,000;0,000;1,000
209;RG300_209.rcp;0;0;192;Capacity LB;0;192;3;6000;0;0;0;62;1616;300;16,900;0,501;0,027;0,220;0,070;0,814;0,184;4;0,500;2,000;0,117;0,200;0;0,000;0,000;0,000;0,000;1,000
210;RG300_210.rcp;0;0;174;Capacity LB;0;177;3;69000;0;0;0;69;1672;300;16,293;0,501;0,027;0,128;0,054;0,764;0,140;4;0,500;2,000;0,098;0,200;0;0,000;0,000;0,000;0,000;1,000
211;RG300_211.rcp;0;0;333;Capacity LB;0;359;3;72000;0;0;0;63;1587;300;16,293;0,501;0,027;0,128;0,054;0,764;0,140;4;0,500;2,000;0,009;0,400;0;0,000;0,000;0,000;0,000;1,000
212;RG300_212.rcp;0;0;342;Capacity LB;0;369;3;74000;0;0;0;73;1614;300;16,157;0,501;0,030;0,249;0,060;0,825;0,226;4;0,500;2,000;0,011;0,400;0;0,000;0,000;0,000;0,000;1,000
213;RG300_213.rcp;0;0;381;Capacity LB;0;397;3;77000;0;0;0;72;1696;300;17,030;0,501;0,023;0,133;0,073;0,796;0,101;4;0,500;2,000;0,008;0,400;0;0,000;0,000;0,000;0,000;1,000
214;RG300_214.rcp;0;0;385;Capacity LB;0;396;3;76000;0;0;0;64;1708;300;16,970;0,501;0,027;0,081;0,055;0,762;0,181;4;0,500;2,000;0,005;0,400;0;0,000;0,000;0,000;0,000;1,000
215;RG300_215.rcp;0;0;357;Capacity LB;0;371;3;75000;0;0;0;68;1601;300;17,030;0,501;0,023;0,133;0,073;0,796;0,101;4;0,500;2,000;0,005;0,400;0;0,000;0,000;0,000;0,000;1,000
216;RG300_216.rcp;0;0;381;Capacity LB;0;396;3;77000;0;0;0;63;1727;300;17,373;0,501;0,027;0,204;0,055;0,803;0,203;4;0,500;2,000;0,009;0,400;0;0,000;0,000;0,000;0,000;1,000
217;RG300_217.rcp;0;0;331;Capacity LB;0;361;3;74000;0;0;0;67;1613;300;16,157;0,501;0,030;0,249;0,060;0,825;0,226;4;0,500;2,000;0,012;0,400;0;0,000;0,000;0,000;0,000;1,000
218;RG300_218.rcp;0;0;375;Capacity LB;0;381;3;76000;0;0;0;63;1614;300;16,783;0,501;0,027;0,116;0,051;0,780;0,134;4;0,500;2,000;0,005;0,400;0;0,000;0,000;0,000;0,000;1,000
219;RG300_219.rcp;0;0;362;Capacity LB;0;370;3;71000;0;0;0;68;1587;300;16,157;0,501;0,030;0,249;0,060;0,825;0,226;4;0,500;2,000;0,023;0,400;0;0,000;0,000;0,000;0,000;1,000
220;RG300_220.rcp;0;0;337;Capacity LB;0;356;3;73000;0;0;0;59;1567;300;16,157;0,501;0,030;0,249;0,060;0,825;0,226;4;0,500;2,000;0,006;0,400;0;0,000;0,000;0,000;0,000;1,000
221;RG300_221.rcp;0;0;565;5;170;591;3;82000;0;0;0;64;1628;300;17,373;0,501;0,027;0,204;0,055;0,803;0,203;4;0,500;2,000;0,000;0,600;0;0,000;0,000;0,000;0,000;1,000
222;RG300_222.rcp;0;0;540;5;210;558;3;73000;0;0;0;58;1489;300;16,900;0,501;0,027;0,220;0,070;0,814;0,184;4;0,500;2,000;0,000;0,600;0;0,000;0,000;0,000;0,000;1,000
223;RG300_223.rcp;0;0;588;5;210;625;3;80000;0;0;0;66;1688;300;16,293;0,501;0,027;0,128;0,054;0,764;0,140;4;0,500;2,000;0,000;0,600;0;0,000;0,000;0,000;0,000;1,000
224;RG300_224.rcp;0;0;592;5;210;622;3;81000;0;0;0;67;1683;300;16,900;0,501;0,027;0,220;0,070;0,814;0,184;4;0,500;2,000;0,000;0,600;0;0,000;0,000;0,000;0,000;1,000
225;RG300_225.rcp;0;0;601;5;210;622;3;80000;0;0;0;69;1609;300;16,900;0,501;0,027;0,220;0,070;0,814;0,184;4;0,500;2,000;0,000;0,600;0;0,000;0,000;0,000;0,000;1,000
226;RG300_226.rcp;0;0;607;5;190;629;3;81000;0;0;0;68;1654;300;16,897;0,501;0,027;0,171;0,061;0,790;0,204;4;0,500;2,000;0,000;0,600;0;0,000;0,000;0,000;0,000;1,000
227;RG300_227.rcp;0;0;524;5;190;567;3;79000;0;0;0;67;1566;300;16,157;0,501;0,030;0,249;0,060;0,825;0,226;4;0,500;2,000;0,000;0,600;0;0,000;0,000;0,000;0,000;1,000
228;RG300_228.rcp;0;0;560;5;180;589;3;73000;0;0;0;59;1615;300;16,467;0,501;0,027;0,129;0,052;0,765;0,171;4;0,500;2,000;0,000;0,600;0;0,000;0,000;0,000;0,000;1,000
229;RG300_229.rcp;0;0;564;5;210;590;3;80000;0;0;0;58;1620;300;16,597;0,501;0,027;0,193;0,060;0,809;0,182;4;0,500;2,000;0,000;0,600;0;0,000;0,000;0,000;0,000;1,000
230;RG300_230.rcp;0;0;656;5;200;663;3;80000;0;0;0;61;1674;300;17,373;0,501;0,027;0,204;0,055;0,803;0,203;4;0,500;2,000;0,000;0,600;0;0,000;0,000;0,000;0,000;1,000
231;RG300_231.rcp;0;0;776;5;240;797;3;85000;0;0;0;66;1631;300;16,783;0,501;0,027;0,116;0,051;0,780;0,134;4;0,500;2,000;0,000;0,800;0;0,000;0,000;0,000;0,000;1,000
232;RG300_232.rcp;0;0;848;5;230;862;3;86000;0;0;0;62;1723;300;16,783;0,501;0,027;0,116;0,051;0,780;0,134;4;0,500;2,000;0,000;0,800;0;0,000;0,000;0,000;0,000;1,000
233;RG300_233.rcp;0;0;829;5;220;833;3;85000;0;0;0;71;1596;300;16,783;0,501;0,027;0,116;0,051;0,780;0,134;4;0,500;2,000;0,000;0,800;0;0,000;0,000;0,000;0,000;1,000
234;RG300_234.rcp;0;0;772;5;230;785;3;85000;0;0;0;66;1598;300;17,030;0,501;0,023;0,133;0,073;0,796;0,101;4;0,500;2,000;0,000;0,800;0;0,000;0,000;0,000;0,000;1,000
235;RG300_235.rcp;0;0;832;5;180;854;3;86000;0;0;0;68;1758;300;17,030;0,501;0,023;0,133;0,073;0,796;0,101;4;0,500;2,000;0,000;0,800;0;0,000;0,000;0,000;0,000;1,000
236;RG300_236.rcp;0;0;839;5;180;844;3;85000;0;0;0;68;1696;300;16,900;0,501;0,027;0,220;0,070;0,814;0,184;4;0,500;2,000;0,000;0,800;0;0,000;0,000;0,000;0,000;1,000
237;RG300_237.rcp;0;0;862;5;210;870;3;87000;0;0;0;76;1746;300;16,783;0,501;0,027;0,116;0,051;0,780;0,134;4;0,500;2,000;0,000;0,800;0;0,000;0,000;0,000;0,000;1,000
238;RG300_238.rcp;0;0;853;5;200;861;3;85000;0;0;0;73;1672;300;16,900;0,501;0,027;0,220;0,070;0,814;0,184;4;0,500;2,000;0,000;0,800;0;0,000;0,000;0,000;0,000;1,000
239;RG300_239.rcp;0;0;827;5;210;832;3;85000;0;0;0;67;1610;300;17,030;0,501;0,023;0,133;0,073;0,796;0,101;4;0,500;2,000;0,000;0,800;0;0,000;0,000;0,000;0,000;1,000
240;RG300_240.rcp;0;0;914;5;200;918;3;87000;0;0;0;62;1721;300;16,597;0,501;0,027;0,193;0,060;0,809;0,182;4;0,500;2,000;0,000;0,800;0;0,000;0,000;0,000;0,000;1,000
241;RG300_241.rcp;0;0;277;Capacity LB;0;289;3;73000;0;0;0;69;1760;300;16,597;0,501;0,027;0,193;0,060;0,809;0,182;4;0,750;3,000;0,063;0,200;0;0,000;0,000;0,000;0,000;1,000
242;RG300_242.rcp;0;0;258;Capacity LB;0;266;3;71000;0;0;0;62;1655;300;16,293;0,501;0,027;0,128;0,054;0,764;0,140;4;0,750;3,000;0,061;0,200;0;0,000;0,000;0,000;0,000;1,000
243;RG300_243.rcp;0;0;241;Capacity LB;0;254;3;72000;0;0;0;61;1574;300;16,900;0,501;0,027;0,220;0,070;0,814;0,184;4;0,750;3,000;0,065;0,200;0;0,000;0,000;0,000;0,000;1,000
244;RG300_244.rcp;0;0;247;Capacity LB;0;256;3;72000;0;0;0;64;1572;300;16,900;0,501;0,027;0,220;0,070;0,814;0,184;4;0,750;3,000;0,069;0,200;0;0,000;0,000;0,000;0,000;1,000
245;RG300_245.rcp;0;0;270;Capacity LB;0;274;3;68000;0;0;0;67;1675;300;17,030;0,501;0,023;0,133;0,073;0,796;0,101;4;0,750;3,000;0,060;0,200;0;0,000;0,000;0,000;0,000;1,000
246;RG300_246.rcp;0;0;270;Capacity LB;0;276;3;67000;0;0;0;70;1713;300;17,030;0,501;0,023;0,133;0,073;0,796;0,101;4;0,750;3,000;0,067;0,200;0;0,000;0,000;0,000;0,000;1,000
247;RG300_247.rcp;0;0;253;Capacity LB;0;259;3;70000;0;0;0;63;1585;300;16,900;0,501;0,027;0,220;0,070;0,814;0,184;4;0,750;3,000;0,072;0,200;0;0,000;0,000;0,000;0,000;1,000
248;RG300_248.rcp;0;0;268;Capacity LB;0;283;3;66000;0;0;0;69;1728;300;16,293;0,501;0,027;0,128;0,054;0,764;0,140;4;0,750;3,000;0,063;0,200;0;0,000;0,000;0,000;0,000;1,000
249;RG300_249.rcp;0;0;279;Capacity LB;0;283;3;69000;0;0;0;76;1676;300;16,293;0,501;0,027;0,128;0,054;0,764;0,140;4;0,750;3,000;0,068;0,200;0;0,000;0,000;0,000;0,000;1,000
250;RG300_250.rcp;0;0;258;Capacity LB;0;262;3;71000;0;0;0;65;1602;300;16,783;0,501;0,027;0,116;0,051;0,780;0,134;4;0,750;3,000;0,076;0,200;0;0,000;0,000;0,000;0,000;1,000
251;RG300_251.rcp;0;0;506;Capacity LB;0;568;3;77000;0;0;0;69;1648;300;16,293;0,501;0,027;0,128;0,054;0,764;0,140;4;0,750;3,000;0,008;0,400;0;0,000;0,000;0,000;0,000;1,000
252;RG300_252.rcp;0;0;522;Capacity LB;0;580;3;73000;0;0;0;63;1639;300;16,467;0,501;0,027;0,129;0,052;0,765;0,171;4;0,750;3,000;0,007;0,400;0;0,000;0,000;0,000;0,000;1,000
253;RG300_253.rcp;0;0;495;Capacity LB;0;565;3;78000;0;0;0;65;1625;300;16,783;0,501;0,027;0,116;0,051;0,780;0,134;4;0,750;3,000;0,004;0,400;0;0,000;0,000;0,000;0,000;1,000
254;RG300_254.rcp;0;0;527;Capacity LB;0;574;3;79000;0;0;0;67;1662;300;17,030;0,501;0,023;0,133;0,073;0,796;0,101;4;0,750;3,000;0,004;0,400;0;0,000;0,000;0,000;0,000;1,000
255;RG300_255.rcp;0;0;524;Capacity LB;0;578;3;79000;0;0;0;61;1663;300;16,970;0,501;0,027;0,081;0,055;0,762;0,181;4;0,750;3,000;0,006;0,400;0;0,000;0,000;0,000;0,000;1,000
256;RG300_256.rcp;0;0;527;Capacity LB;0;574;3;73000;0;0;0;72;1660;300;16,293;0,501;0,027;0,128;0,054;0,764;0,140;4;0,750;3,000;0,000;0,400;0;0,000;0,000;0,000;0,000;1,000
257;RG300_257.rcp;0;0;474;Capacity LB;0;530;3;73000;0;0;0;62;1545;300;16,783;0,501;0,027;0,116;0,051;0,780;0,134;4;0,750;3,000;0,004;0,400;0;0,000;0,000;0,000;0,000;1,000
258;RG300_258.rcp;0;0;515;Capacity LB;0;575;3;74000;0;0;0;69;1647;300;16,897;0,501;0,027;0,171;0,061;0,790;0,204;4;0,750;3,000;0,004;0,400;0;0,000;0,000;0,000;0,000;1,000
259;RG300_259.rcp;0;0;503;4;3600100;563;3;77000;0;0;0;61;1617;300;16,897;0,501;0,027;0,171;0,061;0,790;0,204;4;0,750;3,000;0,004;0,400;0;0,000;0,000;0,000;0,000;1,000
260;RG300_260.rcp;0;0;548;4;3600040;616;3;79000;0;0;0;73;1760;300;16,900;0,501;0,027;0,220;0,070;0,814;0,184;4;0,750;3,000;0,002;0,400;0;0,000;0,000;0,000;0,000;1,000
261;RG300_261.rcp;0;0;1025;4;3600310;1089;3;88000;0;0;0;70;1722;300;16,293;0,501;0,027;0,128;0,054;0,764;0,140;4;0,750;3,000;0,000;0,600;0;0,000;0,000;0,000;0,000;1,000
262;RG300_262.rcp;0;0;1109;2;203;1141;3;84000;0;0;0;66;1687;300;16,900;0,501;0,027;0,220;0,070;0,814;0,184;4;0,750;3,000;0,000;0,600;0;0,000;0,000;0,000;0,000;1,000
263;RG300_263.rcp;0;0;1001;2;185;1055;3;87000;0;0;0;63;1606;300;16,293;0,501;0,027;0,128;0,054;0,764;0,140;4;0,750;3,000;0,000;0,600;0;0,000;0,000;0,000;0,000;1,000
264;RG300_264.rcp;0;0;1065;2;189;1094;3;89000;0;0;0;70;1686;300;16,597;0,501;0,027;0,193;0,060;0,809;0,182;4;0,750;3,000;0,000;0,600;0;0,000;0,000;0,000;0,000;1,000
265;RG300_265.rcp;0;0;1054;2;178;1114;3;84000;0;0;0;67;1678;300;16,783;0,501;0,027;0,116;0,051;0,780;0,134;4;0,750;3,000;0,000;0,600;0;0,000;0,000;0,000;0,000;1,000
266;RG300_266.rcp;0;0;1009;2;183;1082;3;89000;0;0;0;65;1672;300;16,467;0,501;0,027;0,129;0,052;0,765;0,171;4;0,750;3,000;0,000;0,600;0;0,000;0,000;0,000;0,000;1,000
267;RG300_267.rcp;0;0;985;2;181;1056;3;89000;0;0;0;64;1679;300;16,970;0,501;0,027;0,081;0,055;0,762;0,181;4;0,750;3,000;0,000;0,600;0;0,000;0,000;0,000;0,000;1,000
268;RG300_268.rcp;0;0;1047;2;185;1112;3;83000;0;0;0;65;1656;300;16,900;0,501;0,027;0,220;0,070;0,814;0,184;4;0,750;3,000;0,000;0,600;0;0,000;0,000;0,000;0,000;1,000
269;RG300_269.rcp;0;0;1091;2;200;1132;3;85000;0;0;0;63;1723;300;17,030;0,501;0,023;0,133;0,073;0,796;0,101;4;0,750;3,000;0,000;0,600;0;0,000;0,000;0,000;0,000;1,000
270;RG300_270.rcp;0;0;976;4;3600490;1051;3;89000;0;0;0;65;1593;300;16,970;0,501;0,027;0,081;0,055;0,762;0,181;4;0,750;3,000;0,000;0,600;0;0,000;0,000;0,000;0,000;1,000
271;RG300_271.rcp;0;0;1567;1;10;1567;1;10;1567;1;10;68;1610;300;16,157;0,501;0,030;0,249;0,060;0,825;0,226;4;0,750;3,000;0,000;0,800;0;0,000;0,000;0,000;0,000;1,000
272;RG300_272.rcp;0;0;1536;1;0;1536;1;0;1536;1;0;60;1575;300;16,900;0,501;0,027;0,220;0,070;0,814;0,184;4;0,750;3,000;0,000;0,800;0;0,000;0,000;0,000;0,000;1,000
273;RG300_273.rcp;0;0;1612;1;60;1612;1;60;1612;1;60;67;1648;300;17,030;0,501;0,023;0,133;0,073;0,796;0,101;4;0,750;3,000;0,000;0,800;0;0,000;0,000;0,000;0,000;1,000
274;RG300_274.rcp;0;0;1577;1;20;1577;1;20;1577;1;20;62;1628;300;16,467;0,501;0,027;0,129;0,052;0,765;0,171;4;0,750;3,000;0,000;0,800;0;0,000;0,000;0,000;0,000;1,000
275;RG300_275.rcp;0;0;1617;1;10;1617;1;10;1617;1;10;70;1642;300;16,293;0,501;0,027;0,128;0,054;0,764;0,140;4;0,750;3,000;0,000;0,800;0;0,000;0,000;0,000;0,000;1,000
276;RG300_276.rcp;0;0;1603;1;0;1603;1;0;1603;1;0;65;1642;300;16,597;0,501;0,027;0,193;0,060;0,809;0,182;4;0,750;3,000;0,000;0,800;0;0,000;0,000;0,000;0,000;1,000
277;RG300_277.rcp;0;0;1556;1;20;1556;1;20;1556;1;20;70;1618;300;16,900;0,501;0,027;0,220;0,070;0,814;0,184;4;0,750;3,000;0,000;0,800;0;0,000;0,000;0,000;0,000;1,000
278;RG300_278.rcp;0;0;1621;1;10;1621;1;10;1621;1;10;65;1662;300;17,030;0,501;0,023;0,133;0,073;0,796;0,101;4;0,750;3,000;0,000;0,800;0;0,000;0,000;0,000;0,000;1,000
279;RG300_279.rcp;0;0;1605;1;10;1605;1;10;1605;1;10;71;1660;300;16,970;0,501;0,027;0,081;0,055;0,762;0,181;4;0,750;3,000;0,000;0,800;0;0,000;0,000;0,000;0,000;1,000
280;RG300_280.rcp;0;0;1605;1;160;1605;1;160;1605;1;160;66;1679;300;16,597;0,501;0,027;0,193;0,060;0,809;0,182;4;0,750;3,000;0,000;0,800;0;0,000;0,000;0,000;0,000;1,000
281;RG300_281.rcp;0;0;326;Capacity LB;0;340;3;69000;0;0;0;61;1596;300;17,373;0,501;0,027;0,204;0,055;0,803;0,203;4;1,000;4,000;0,048;0,200;0;0,000;0,000;0,000;0,000;1,000
282;RG300_282.rcp;0;0;361;Capacity LB;0;374;3;74000;0;0;0;71;1710;300;16,970;0,501;0,027;0,081;0,055;0,762;0,181;4;1,000;4,000;0,053;0,200;0;0,000;0,000;0,000;0,000;1,000
283;RG300_283.rcp;0;0;332;Capacity LB;0;349;3;68000;0;0;0;68;1628;300;16,900;0,501;0,027;0,220;0,070;0,814;0,184;4;1,000;4,000;0,047;0,200;0;0,000;0,000;0,000;0,000;1,000
284;RG300_284.rcp;0;0;317;Capacity LB;0;334;3;71000;0;0;0;61;1587;300;16,900;0,501;0,027;0,220;0,070;0,814;0,184;4;1,000;4,000;0,046;0,200;0;0,000;0,000;0,000;0,000;1,000
285;RG300_285.rcp;0;0;351;Capacity LB;0;369;3;71000;0;0;0;67;1733;300;16,157;0,501;0,030;0,249;0,060;0,825;0,226;4;1,000;4,000;0,050;0,200;0;0,000;0,000;0,000;0,000;1,000
286;RG300_286.rcp;0;0;351;Capacity LB;0;368;3;74000;0;0;0;68;1703;300;16,293;0,501;0,027;0,128;0,054;0,764;0,140;4;1,000;4,000;0,042;0,200;0;0,000;0,000;0,000;0,000;1,000
287;RG300_287.rcp;0;0;353;Capacity LB;0;373;3;69000;0;0;0;61;1760;300;16,467;0,501;0,027;0,129;0,052;0,765;0,171;4;1,000;4,000;0,048;0,200;0;0,000;0,000;0,000;0,000;1,000
288;RG300_288.rcp;0;0;325;Capacity LB;0;339;3;72000;0;0;0;62;1590;300;16,900;0,501;0,027;0,220;0,070;0,814;0,184;4;1,000;4,000;0,048;0,200;0;0,000;0,000;0,000;0,000;1,000
289;RG300_289.rcp;0;0;340;Capacity LB;0;360;3;74000;0;0;0;71;1664;300;17,373;0,501;0,027;0,204;0,055;0,803;0,203;4;1,000;4,000;0,043;0,200;0;0,000;0,000;0,000;0,000;1,000
290;RG300_290.rcp;0;0;344;Capacity LB;0;362;3;70000;0;0;0;66;1693;300;16,783;0,501;0,027;0,116;0,051;0,780;0,134;4;1,000;4,000;0,057;0,200;0;0,000;0,000;0,000;0,000;1,000
291;RG300_291.rcp;0;0;732;4;3601370;836;3;80000;0;0;0;66;1723;300;16,970;0,501;0,027;0,081;0,055;0,762;0,181;4;1,000;4,000;0,001;0,400;0;0,000;0,000;0,000;0,000;1,000
292;RG300_292.rcp;0;0;655;4;3600430;740;3;76000;0;0;0;65;1569;300;16,293;0,501;0,027;0,128;0,054;0,764;0,140;4;1,000;4,000;0,001;0,400;0;0,000;0,000;0,000;0,000;1,000
293;RG300_293.rcp;0;0;675;4;3600080;756;3;82000;0;0;0;63;1624;300;16,900;0,501;0,027;0,220;0,070;0,814;0,184;4;1,000;4,000;0,002;0,400;0;0,000;0,000;0,000;0,000;1,000
294;RG300_294.rcp;0;0;673;4;3600080;767;3;76000;0;0;0;68;1594;300;16,157;0,501;0,030;0,249;0,060;0,825;0,226;4;1,000;4,000;0,000;0,400;0;0,000;0,000;0,000;0,000;1,000
295;RG300_295.rcp;0;0;761;4;3600360;843;3;79000;0;0;0;67;1777;300;16,900;0,501;0,027;0,220;0,070;0,814;0,184;4;1,000;4,000;0,001;0,400;0;0,000;0,000;0,000;0,000;1,000
296;RG300_296.rcp;0;0;723;4;3600190;815;3;84000;0;0;0;74;1734;300;16,783;0,501;0,027;0,116;0,051;0,780;0,134;4;1,000;4,000;0,002;0,400;0;0,000;0,000;0,000;0,000;1,000
297;RG300_297.rcp;0;0;692;4;3600050;774;3;83000;0;0;0;64;1640;300;17,030;0,501;0,023;0,133;0,073;0,796;0,101;4;1,000;4,000;0,001;0,400;0;0,000;0,000;0,000;0,000;1,000
298;RG300_298.rcp;0;0;706;4;3600510;796;3;78000;0;0;0;65;1681;300;16,900;0,501;0,027;0,220;0,070;0,814;0,184;4;1,000;4,000;0,003;0,400;0;0,000;0,000;0,000;0,000;1,000
299;RG300_299.rcp;0;0;696;4;3600040;788;3;85000;0;0;0;65;1664;300;16,783;0,501;0,027;0,116;0,051;0,780;0,134;4;1,000;4,000;0,000;0,400;0;0,000;0,000;0,000;0,000;1,000
300;RG300_300.rcp;0;0;683;4;3600150;772;3;82000;0;0;0;60;1634;300;16,783;0,501;0,027;0,116;0,051;0,780;0,134;4;1,000;4,000;0,002;0,400;0;0,000;0,000;0,000;0,000;1,000
301;RG300_301.rcp;0;0;1488;2;237;1489;3;95000;0;0;0;75;1639;300;16,293;0,501;0,027;0,128;0,054;0,764;0,140;4;1,000;4,000;0,000;0,600;0;0,000;0,000;0,000;0,000;1,000
302;RG300_302.rcp;0;0;1564;4;3600020;1571;3;98000;0;0;0;64;1712;300;16,970;0,501;0,027;0,081;0,055;0,762;0,181;4;1,000;4,000;0,000;0,600;0;0,000;0,000;0,000;0,000;1,000
303;RG300_303.rcp;0;0;1462;2;238;1476;3;96000;0;0;0;69;1660;300;16,970;0,501;0,027;0,081;0,055;0,762;0,181;4;1,000;4,000;0,000;0,600;0;0,000;0,000;0,000;0,000;1,000
304;RG300_304.rcp;0;0;1468;4;3600030;1476;3;96000;0;0;0;64;1608;300;16,597;0,501;0,027;0,193;0,060;0,809;0,182;4;1,000;4,000;0,000;0,600;0;0,000;0,000;0,000;0,000;1,000
305;RG300_305.rcp;0;0;1457;4;3600010;1457;3;93000;0;0;0;60;1627;300;16,900;0,501;0,027;0,220;0,070;0,814;0,184;4;1,000;4,000;0,000;0,600;0;0,000;0,000;0,000;0,000;1,000
306;RG300_306.rcp;0;0;1504;2;248;1512;3;98000;0;0;0;64;1644;300;16,897;0,501;0,027;0,171;0,061;0,790;0,204;4;1,000;4,000;0,000;0,600;0;0,000;0,000;0,000;0,000;1,000
307;RG300_307.rcp;0;0;1496;4;3600010;1499;3;90000;0;0;0;63;1646;300;16,467;0,501;0,027;0,129;0,052;0,765;0,171;4;1,000;4,000;0,000;0,600;0;0,000;0,000;0,000;0,000;1,000
308;RG300_308.rcp;0;0;1569;2;269;1580;3;99000;0;0;0;67;1708;300;17,030;0,501;0,023;0,133;0,073;0,796;0,101;4;1,000;4,000;0,000;0,600;0;0,000;0,000;0,000;0,000;1,000
309;RG300_309.rcp;0;0;1486;2;267;1491;3;96000;0;0;0;71;1607;300;16,783;0,501;0,027;0,116;0,051;0,780;0,134;4;1,000;4,000;0,000;0,600;0;0,000;0,000;0,000;0,000;1,000
310;RG300_310.rcp;0;0;1537;2;230;1539;3;96000;0;0;0;65;1660;300;16,293;0,501;0,027;0,128;0,054;0,764;0,140;4;1,000;4,000;0,000;0,600;0;0,000;0,000;0,000;0,000;1,000
311;RG300_311.rcp;0;0;1609;1;10;1609;Sum PT;0;1609;1;10;71;1609;300;16,293;0,501;0,027;0,128;0,054;0,764;0,140;4;1,000;4,000;0,000;0,800;0;0,000;0,000;0,000;0,000;1,000
312;RG300_312.rcp;0;0;1728;1;0;1728;Sum PT;0;1728;1;0;67;1728;300;16,900;0,501;0,027;0,220;0,070;0,814;0,184;4;1,000;4,000;0,000;0,800;0;0,000;0,000;0,000;0,000;1,000
313;RG300_313.rcp;0;0;1667;1;0;1667;Sum PT;0;1667;1;0;62;1667;300;16,467;0,501;0,027;0,129;0,052;0,765;0,171;4;1,000;4,000;0,000;0,800;0;0,000;0,000;0,000;0,000;1,000
314;RG300_314.rcp;0;0;1675;1;0;1675;Sum PT;0;1675;1;0;64;1675;300;17,030;0,501;0,023;0,133;0,073;0,796;0,101;4;1,000;4,000;0,000;0,800;0;0,000;0,000;0,000;0,000;1,000
315;RG300_315.rcp;0;0;1668;1;0;1668;Sum PT;0;1668;1;0;65;1668;300;16,293;0,501;0,027;0,128;0,054;0,764;0,140;4;1,000;4,000;0,000;0,800;0;0,000;0,000;0,000;0,000;1,000
316;RG300_316.rcp;0;0;1625;1;0;1625;Sum PT;0;1625;1;0;64;1625;300;16,783;0,501;0,027;0,116;0,051;0,780;0,134;4;1,000;4,000;0,000;0,800;0;0,000;0,000;0,000;0,000;1,000
317;RG300_317.rcp;0;0;1670;1;0;1670;Sum PT;0;1670;1;0;75;1670;300;16,783;0,501;0,027;0,116;0,051;0,780;0,134;4;1,000;4,000;0,000;0,800;0;0,000;0,000;0,000;0,000;1,000
318;RG300_318.rcp;0;0;1693;1;10;1693;Sum PT;0;1693;1;10;66;1693;300;16,970;0,501;0,027;0,081;0,055;0,762;0,181;4;1,000;4,000;0,000;0,800;0;0,000;0,000;0,000;0,000;1,000
319;RG300_319.rcp;0;0;1599;1;0;1599;Sum PT;0;1599;1;0;65;1599;300;16,783;0,501;0,027;0,116;0,051;0,780;0,134;4;1,000;4,000;0,000;0,800;0;0,000;0,000;0,000;0,000;1,000
320;RG300_320.rcp;0;0;1708;1;10;1708;Sum PT;0;1708;1;10;71;1708;300;16,293;0,501;0,027;0,128;0,054;0,764;0,140;4;1,000;4,000;0,000;0,800;0;0,000;0,000;0,000;0,000;1,000
321;RG300_321.rcp;0;0;122;2;148;122;3;510;0;0;0;120;1612;300;11,307;0,750;0,054;0,152;0,096;0,905;0,088;4;0,250;1,000;0,420;0,200;0;0,000;0,000;0,000;0,000;1,000
322;RG300_322.rcp;0;0;117;2;176;118;3;54000;0;0;0;109;1550;300;11,620;0,750;0,047;0,105;0,106;0,914;0,048;4;0,250;1,000;0,334;0,200;0;0,000;0,000;0,000;0,000;1,000
323;RG300_323.rcp;0;0;110;2;139;112;3;53000;0;0;0;107;1604;300;11,467;0,751;0,050;0,115;0,106;0,909;0,086;4;0,250;1,000;0,340;0,200;0;0,000;0,000;0,000;0,000;1,000
324;RG300_324.rcp;0;0;120;CPM;0;121;3;50000;0;0;0;120;1606;300;11,107;0,750;0,057;0,160;0,088;0,904;0,091;4;0,250;1,000;0,364;0,200;0;0,000;0,000;0,000;0,000;1,000
325;RG300_325.rcp;0;0;123;2;188;123;3;5000;0;0;0;114;1658;300;11,380;0,751;0,047;0,094;0,107;0,909;0,062;4;0,250;1,000;0,378;0,200;0;0,000;0,000;0,000;0,000;1,000
326;RG300_326.rcp;0;0;135;2;147;135;1;3607240;135;4;1630;132;1629;300;11,217;0,751;0,057;0,084;0,082;0,889;0,081;4;0,250;1,000;0,417;0,200;0;0,000;0,000;0,000;0,000;1,000
327;RG300_327.rcp;0;0;123;4;2547960;125;3;54000;0;0;0;116;1702;300;11,383;0,751;0,057;0,123;0,079;0,894;0,106;4;0,250;1,000;0,364;0,200;0;0,000;0,000;0,000;0,000;1,000
328;RG300_328.rcp;0;0;123;CPM;0;123;3;520;123;4;132830;123;1674;300;11,620;0,750;0,047;0,105;0,106;0,914;0,048;4;0,250;1,000;0,420;0,200;0;0,000;0,000;0,000;0,000;1,000
329;RG300_329.rcp;0;0;117;2;147;118;1;3617410;0;0;0;114;1691;300;11,130;0,750;0,050;0,113;0,091;0,904;0,060;4;0,250;1,000;0,351;0,200;0;0,000;0,000;0,000;0,000;1,000
330;RG300_330.rcp;0;0;134;2;142;134;3;520;0;0;0;133;1635;300;11,453;0,750;0,060;0,181;0,085;0,907;0,101;4;0,250;1,000;0,361;0,200;0;0,000;0,000;0,000;0,000;1,000
331;RG300_331.rcp;0;0;211;Capacity LB;0;217;3;55000;0;0;0;123;1705;300;11,277;0,751;0,057;0,083;0,087;0,898;0,108;4;0,250;1,000;0,039;0,400;0;0,000;0,000;0,000;0,000;1,000
332;RG300_332.rcp;0;0;191;Capacity LB;0;207;3;55000;0;0;0;113;1625;300;11,560;0,751;0,050;0,100;0,088;0,907;0,059;4;0,250;1,000;0,025;0,400;0;0,000;0,000;0,000;0,000;1,000
333;RG300_333.rcp;0;0;180;Capacity LB;0;194;3;55000;0;0;0;121;1638;300;11,247;0,750;0,047;0,075;0,105;0,912;0,043;4;0,250;1,000;0,035;0,400;0;0,000;0,000;0,000;0,000;1,000
334;RG300_334.rcp;0;0;202;4;3202690;216;3;56000;0;0;0;131;1652;300;11,770;0,750;0,054;0,128;0,091;0,902;0,080;4;0,250;1,000;0,019;0,400;0;0,000;0,000;0,000;0,000;1,000
335;RG300_335.rcp;0;0;181;4;3215140;193;3;54000;0;0;0;117;1635;300;11,297;0,750;0,054;0,121;0,079;0,907;0,078;4;0,250;1,000;0,043;0,400;0;0,000;0,000;0,000;0,000;1,000
336;RG300_336.rcp;0;0;199;2;151;207;3;53000;0;0;0;120;1623;300;11,287;0,751;0,054;0,125;0,094;0,895;0,096;4;0,250;1,000;0,023;0,400;0;0,000;0,000;0,000;0,000;1,000
337;RG300_337.rcp;0;0;190;Capacity LB;0;200;3;55000;0;0;0;119;1608;300;11,097;0,751;0,057;0,091;0,080;0,903;0,091;4;0,250;1,000;0,048;0,400;0;0,000;0,000;0,000;0,000;1,000
338;RG300_338.rcp;0;0;218;4;3600130;223;3;55000;0;0;0;124;1578;300;11,107;0,751;0,054;0,084;0,083;0,898;0,071;4;0,250;1,000;0,042;0,400;0;0,000;0,000;0,000;0,000;1,000
339;RG300_339.rcp;0;0;211;5;140;217;3;55000;0;0;0;117;1667;300;11,253;0,751;0,057;0,115;0,082;0,901;0,098;4;0,250;1,000;0,061;0,400;0;0,000;0,000;0,000;0,000;1,000
340;RG300_340.rcp;0;0;213;Capacity LB;0;222;3;55000;0;0;0;119;1674;300;11,067;0,750;0,057;0,151;0,089;0,908;0,103;4;0,250;1,000;0,046;0,400;0;0,000;0,000;0,000;0,000;1,000
341;RG300_341.rcp;0;0;327;5;210;339;3;54000;0;0;0;132;1767;300;11,253;0,750;0,057;0,121;0,087;0,910;0,108;4;0,250;1,000;0,000;0,600;0;0,000;0,000;0,000;0,000;1,000
342;RG300_342.rcp;0;0;334;5;130;349;3;56000;0;0;0;123;1593;300;11,417;0,750;0,054;0,125;0,094;0,905;0,068;4;0,250;1,000;0,000;0,600;0;0,000;0,000;0,000;0,000;1,000
343;RG300_343.rcp;0;0;330;5;150;354;3;56000;0;0;0;125;1649;300;11,067;0,751;0,054;0,097;0,087;0,901;0,068;4;0,250;1,000;0,000;0,600;0;0,000;0,000;0,000;0,000;1,000
344;RG300_344.rcp;0;0;295;5;140;315;3;56000;0;0;0;125;1659;300;11,353;0,751;0,057;0,129;0,090;0,898;0,110;4;0,250;1,000;0,000;0,600;0;0,000;0,000;0,000;0,000;1,000
345;RG300_345.rcp;0;0;340;5;130;364;3;58000;0;0;0;119;1653;300;11,243;0,750;0,054;0,140;0,083;0,904;0,072;4;0,250;1,000;0,000;0,600;0;0,000;0,000;0,000;0,000;1,000
346;RG300_346.rcp;0;0;293;5;190;309;3;56000;0;0;0;111;1579;300;11,210;0,751;0,057;0,115;0,078;0,898;0,101;4;0,250;1,000;0,000;0,600;0;0,000;0,000;0,000;0,000;1,000
347;RG300_347.rcp;0;0;316;5;150;334;3;57000;0;0;0;114;1609;300;11,347;0,751;0,057;0,119;0,082;0,900;0,093;4;0,250;1,000;0,000;0,600;0;0,000;0,000;0,000;0,000;1,000
348;RG300_348.rcp;0;0;291;5;120;293;3;56000;0;0;0;106;1537;300;11,183;0,751;0,054;0,101;0,080;0,902;0,085;4;0,250;1,000;0,000;0,600;0;0,000;0,000;0,000;0,000;1,000
349;RG300_349.rcp;0;0;291;5;130;296;3;56000;0;0;0;114;1648;300;11,273;0,751;0,050;0,086;0,105;0,909;0,062;4;0,250;1,000;0,000;0,600;0;0,000;0,000;0,000;0,000;1,000
350;RG300_350.rcp;0;0;348;5;140;364;3;57000;0;0;0;126;1732;300;11,630;0,750;0,050;0,061;0,089;0,899;0,054;4;0,250;1,000;0,000;0,600;0;0,000;0,000;0,000;0,000;1,000
351;RG300_351.rcp;0;0;413;5;140;423;3;57000;0;0;0;117;1594;300;11,080;0,751;0,054;0,146;0,101;0,909;0,098;4;0,250;1,000;0,000;0,800;0;0,000;0,000;0,000;0,000;1,000
352;RG300_352.rcp;0;0;440;5;130;455;3;58000;0;0;0;121;1588;300;11,553;0,751;0,057;0,136;0,083;0,900;0,103;4;0,250;1,000;0,000;0,800;0;0,000;0,000;0,000;0,000;1,000
353;RG300_353.rcp;0;0;463;5;160;473;3;58000;0;0;0;129;1678;300;11,137;0,750;0,054;0,092;0,093;0,897;0,079;4;0,250;1,000;0,000;0,800;0;0,000;0,000;0,000;0,000;1,000
354;RG300_354.rcp;0;0;451;5;120;454;3;57000;0;0;0;120;1668;300;10,963;0,751;0,060;0,145;0,074;0,897;0,119;4;0,250;1,000;0,000;0,800;0;0,000;0,000;0,000;0,000;1,000
355;RG300_355.rcp;0;0;447;5;140;458;3;58000;0;0;0;121;1675;300;11,310;0,751;0,057;0,138;0,088;0,901;0,098;4;0,250;1,000;0,000;0,800;0;0,000;0,000;0,000;0,000;1,000
356;RG300_356.rcp;0;0;419;5;140;420;3;58000;0;0;0;114;1610;300;11,453;0,750;0,060;0,181;0,085;0,907;0,101;4;0,250;1,000;0,000;0,800;0;0,000;0,000;0,000;0,000;1,000
357;RG300_357.rcp;0;0;448;5;150;464;3;57000;0;0;0;125;1653;300;10,967;0,751;0,054;0,148;0,092;0,909;0,103;4;0,250;1,000;0,000;0,800;0;0,000;0,000;0,000;0,000;1,000
358;RG300_358.rcp;0;0;411;5;160;441;3;56000;0;0;0;140;1650;300;10,700;0,750;0,057;0,133;0,075;0,907;0,100;4;0,250;1,000;0,000;0,800;0;0,000;0,000;0,000;0,000;1,000
359;RG300_359.rcp;0;0;429;5;140;437;3;57000;0;0;0;113;1654;300;11,277;0,751;0,054;0,132;0,081;0,906;0,100;4;0,250;1,000;0,000;0,800;0;0,000;0,000;0,000;0,000;1,000
360;RG300_360.rcp;0;0;441;5;140;446;3;57000;0;0;0;123;1693;300;11,113;0,751;0,050;0,100;0,099;0,908;0,064;4;0,250;1,000;0,000;0,800;0;0,000;0,000;0,000;0,000;1,000
361;RG300_361.rcp;0;0;186;Capacity LB;0;194;3;54000;0;0;0;126;1685;300;10,920;0,751;0,054;0,096;0,087;0,899;0,080;4;0,500;2,000;0,197;0,200;0;0,000;0,000;0,000;0,000;1,000
362;RG300_362.rcp;0;0;185;Capacity LB;0;197;3;55000;0;0;0;121;1658;300;11,430;0,751;0,050;0,096;0,094;0,908;0,059;4;0,500;2,000;0,154;0,200;0;0,000;0,000;0,000;0,000;1,000
363;RG300_363.rcp;0;0;183;Capacity LB;0;193;3;54000;0;0;0;129;1679;300;10,970;0,750;0,057;0,096;0,082;0,902;0,080;4;0,500;2,000;0,211;0,200;0;0,000;0,000;0,000;0,000;1,000
364;RG300_364.rcp;0;0;183;Capacity LB;0;189;3;54000;0;0;0;117;1653;300;11,213;0,751;0,054;0,104;0,086;0,901;0,097;4;0,500;2,000;0,160;0,200;0;0,000;0,000;0,000;0,000;1,000
365;RG300_365.rcp;0;0;174;Capacity LB;0;187;3;54000;0;0;0;113;1595;300;11,413;0,751;0,050;0,107;0,095;0,902;0,056;4;0,500;2,000;0,164;0,200;0;0,000;0,000;0,000;0,000;1,000
366;RG300_366.rcp;0;0;174;Capacity LB;0;189;3;54000;0;0;0;127;1662;300;11,077;0,751;0,060;0,126;0,076;0,900;0,114;4;0,500;2,000;0,213;0,200;0;0,000;0,000;0,000;0,000;1,000
367;RG300_367.rcp;0;0;170;5;210;183;3;54000;0;0;0;120;1638;300;11,240;0,750;0,054;0,096;0,082;0,900;0,055;4;0,500;2,000;0,161;0,200;0;0,000;0,000;0,000;0,000;1,000
368;RG300_368.rcp;0;0;179;2;174;187;3;54000;0;0;0;122;1622;300;10,860;0,750;0,054;0,112;0,085;0,905;0,069;4;0,500;2,000;0,209;0,200;0;0,000;0,000;0,000;0,000;1,000
369;RG300_369.rcp;0;0;180;5;210;193;3;55000;0;0;0;119;1660;300;11,667;0,750;0,054;0,096;0,081;0,900;0,075;4;0,500;2,000;0,186;0,200;0;0,000;0,000;0,000;0,000;1,000
370;RG300_370.rcp;0;0;185;Capacity LB;0;187;3;54000;0;0;0;117;1650;300;11,267;0,750;0,054;0,108;0,086;0,909;0,080;4;0,500;2,000;0,210;0,200;0;0,000;0,000;0,000;0,000;1,000
371;RG300_371.rcp;0;0;352;Capacity LB;0;403;3;58000;0;0;0;120;1703;300;11,220;0,751;0,054;0,110;0,096;0,905;0,097;4;0,500;2,000;0,015;0,400;0;0,000;0,000;0,000;0,000;1,000
372;RG300_372.rcp;0;0;358;Capacity LB;0;400;3;58000;0;0;0;134;1654;300;11,433;0,751;0,054;0,133;0,101;0,907;0,068;4;0,500;2,000;0,005;0,400;0;0,000;0,000;0,000;0,000;1,000
373;RG300_373.rcp;0;0;355;Capacity LB;0;384;3;55000;0;0;0;123;1614;300;11,647;0,751;0,050;0,130;0,110;0,913;0,074;4;0,500;2,000;0,015;0,400;0;0,000;0,000;0,000;0,000;1,000
374;RG300_374.rcp;0;0;378;Capacity LB;0;403;3;58000;0;0;0;131;1721;300;11,260;0,750;0,057;0,160;0,088;0,903;0,104;4;0,500;2,000;0,015;0,400;0;0,000;0,000;0,000;0,000;1,000
375;RG300_375.rcp;0;0;354;Capacity LB;0;389;3;55000;0;0;0;116;1654;300;11,210;0,750;0,054;0,117;0,089;0,909;0,080;4;0,500;2,000;0,021;0,400;0;0,000;0,000;0,000;0,000;1,000
376;RG300_376.rcp;0;0;339;Capacity LB;0;368;3;59000;0;0;0;113;1539;300;11,143;0,751;0,050;0,114;0,098;0,906;0,068;4;0,500;2,000;0,020;0,400;0;0,000;0,000;0,000;0,000;1,000
377;RG300_377.rcp;0;0;342;4;3600170;381;3;58000;0;0;0;124;1654;300;11,410;0,750;0,054;0,112;0,091;0,908;0,064;4;0,500;2,000;0,011;0,400;0;0,000;0,000;0,000;0,000;1,000
378;RG300_378.rcp;0;0;384;Capacity LB;0;403;3;59000;0;0;0;124;1678;300;11,317;0,750;0,057;0,108;0,089;0,902;0,095;4;0,500;2,000;0,016;0,400;0;0,000;0,000;0,000;0,000;1,000
379;RG300_379.rcp;0;0;346;Capacity LB;0;386;3;57000;0;0;0;113;1662;300;10,870;0,750;0,054;0,118;0,087;0,900;0,082;4;0,500;2,000;0,024;0,400;0;0,000;0,000;0,000;0,000;1,000
380;RG300_380.rcp;0;0;347;4;3600020;380;3;58000;0;0;0;115;1562;300;11,513;0,751;0,054;0,127;0,098;0,904;0,084;4;0,500;2,000;0,024;0,400;0;0,000;0,000;0,000;0,000;1,000
381;RG300_381.rcp;0;0;602;5;260;685;3;59000;0;0;0;118;1707;300;11,337;0,750;0,050;0,124;0,101;0,907;0,077;4;0,500;2,000;0,000;0,600;0;0,000;0,000;0,000;0,000;1,000
382;RG300_382.rcp;0;0;546;5;300;636;3;58000;0;0;0;144;1646;300;11,277;0,751;0,060;0,148;0,089;0,902;0,113;4;0,500;2,000;0,000;0,600;0;0,000;0,000;0,000;0,000;1,000
383;RG300_383.rcp;0;0;609;5;270;675;3;58000;0;0;0;120;1660;300;11,247;0,750;0,050;0,100;0,097;0,910;0,049;4;0,500;2,000;0,000;0,600;0;0,000;0,000;0,000;0,000;1,000
384;RG300_384.rcp;0;0;565;5;230;621;3;61000;0;0;0;111;1619;300;11,300;0,751;0,054;0,121;0,092;0,895;0,102;4;0,500;2,000;0,000;0,600;0;0,000;0,000;0,000;0,000;1,000
385;RG300_385.rcp;0;0;588;5;260;664;3;61000;0;0;0;121;1726;300;10,860;0,750;0,057;0,129;0,086;0,905;0,096;4;0,500;2,000;0,000;0,600;0;0,000;0,000;0,000;0,000;1,000
386;RG300_386.rcp;0;0;530;5;230;622;3;61000;0;0;0;134;1626;300;11,177;0,750;0,054;0,115;0,101;0,905;0,070;4;0,500;2,000;0,000;0,600;0;0,000;0,000;0,000;0,000;1,000
387;RG300_387.rcp;0;0;593;5;310;667;3;61000;0;0;0;125;1642;300;11,100;0,750;0,054;0,146;0,089;0,911;0,079;4;0,500;2,000;0,000;0,600;0;0,000;0,000;0,000;0,000;1,000
388;RG300_388.rcp;0;0;578;5;280;638;3;60000;0;0;0;123;1568;300;11,083;0,751;0,060;0,148;0,081;0,895;0,114;4;0,500;2,000;0,000;0,600;0;0,000;0,000;0,000;0,000;1,000
389;RG300_389.rcp;0;0;555;5;210;596;3;61000;0;0;0;112;1503;300;11,733;0,750;0,054;0,150;0,101;0,910;0,103;4;0,500;2,000;0,000;0,600;0;0,000;0,000;0,000;0,000;1,000
390;RG300_390.rcp;0;0;594;5;260;664;3;61000;0;0;0;122;1664;300;11,210;0,750;0,054;0,098;0,086;0,901;0,060;4;0,500;2,000;0,000;0,600;0;0,000;0,000;0,000;0,000;1,000
391;RG300_391.rcp;0;0;779;5;220;837;3;59000;0;0;0;122;1561;300;11,297;0,750;0,050;0,111;0,096;0,904;0,054;4;0,500;2,000;0,000;0,800;0;0,000;0,000;0,000;0,000;1,000
392;RG300_392.rcp;0;0;800;5;220;848;3;64000;0;0;0;112;1581;300;11,527;0,751;0,054;0,110;0,094;0,908;0,083;4;0,500;2,000;0,000;0,800;0;0,000;0,000;0,000;0,000;1,000
393;RG300_393.rcp;0;0;780;5;250;833;3;63000;0;0;0;116;1614;300;11,507;0,750;0,054;0,114;0,098;0,907;0,071;4;0,500;2,000;0,000;0,800;0;0,000;0,000;0,000;0,000;1,000
394;RG300_394.rcp;0;0;778;5;250;814;3;63000;0;0;0;123;1617;300;11,010;0,750;0,057;0,134;0,087;0,901;0,070;4;0,500;2,000;0,000;0,800;0;0,000;0,000;0,000;0,000;1,000
395;RG300_395.rcp;0;0;827;5;260;849;3;63000;0;0;0;123;1650;300;11,290;0,751;0,054;0,118;0,088;0,908;0,094;4;0,500;2,000;0,000;0,800;0;0,000;0,000;0,000;0,000;1,000
396;RG300_396.rcp;0;0;795;5;260;836;3;60000;0;0;0;121;1642;300;11,423;0,751;0,054;0,148;0,097;0,907;0,081;4;0,500;2,000;0,000;0,800;0;0,000;0,000;0,000;0,000;1,000
397;RG300_397.rcp;0;0;816;4;3600030;865;3;63000;0;0;0;128;1687;300;10,860;0,750;0,054;0,112;0,085;0,905;0,069;4;0,500;2,000;0,000;0,800;0;0,000;0,000;0,000;0,000;1,000
398;RG300_398.rcp;0;0;848;5;200;889;3;64000;0;0;0;129;1679;300;11,447;0,750;0,050;0,097;0,095;0,905;0,060;4;0,500;2,000;0,000;0,800;0;0,000;0,000;0,000;0,000;1,000
399;RG300_399.rcp;0;0;741;5;280;813;3;63000;0;0;0;113;1611;300;11,233;0,751;0,047;0,068;0,088;0,904;0,054;4;0,500;2,000;0,000;0,800;0;0,000;0,000;0,000;0,000;1,000
400;RG300_400.rcp;0;0;819;5;220;881;3;64000;0;0;0;124;1733;300;10,987;0,751;0,057;0,124;0,082;0,900;0,089;4;0,500;2,000;0,000;0,800;0;0,000;0,000;0,000;0,000;1,000
401;RG300_401.rcp;0;0;278;Capacity LB;0;291;3;56000;0;0;0;119;1728;300;11,253;0,750;0,057;0,134;0,091;0,906;0,111;4;0,750;3,000;0,129;0,200;0;0,000;0,000;0,000;0,000;1,000
402;RG300_402.rcp;0;0;266;Capacity LB;0;278;3;56000;0;0;0;127;1722;300;11,553;0,751;0,057;0,136;0,083;0,900;0,103;4;0,750;3,000;0,115;0,200;0;0,000;0,000;0,000;0,000;1,000
403;RG300_403.rcp;0;0;254;Capacity LB;0;270;3;56000;0;0;0;116;1605;300;11,180;0,750;0,054;0,104;0,078;0,900;0,062;4;0,750;3,000;0,146;0,200;0;0,000;0,000;0,000;0,000;1,000
404;RG300_404.rcp;0;0;244;Capacity LB;0;260;3;55000;0;0;0;123;1600;300;11,340;0,751;0,057;0,126;0,078;0,896;0,109;4;0,750;3,000;0,125;0,200;0;0,000;0,000;0,000;0,000;1,000
405;RG300_405.rcp;0;0;247;Capacity LB;0;259;3;53000;0;0;0;120;1599;300;11,460;0,751;0,050;0,119;0,110;0,915;0,088;4;0,750;3,000;0,111;0,200;0;0,000;0,000;0,000;0,000;1,000
406;RG300_406.rcp;0;0;262;Capacity LB;0;269;3;55000;0;0;0;129;1642;300;11,073;0,750;0,057;0,139;0,095;0,904;0,089;4;0,750;3,000;0,126;0,200;0;0,000;0,000;0,000;0,000;1,000
407;RG300_407.rcp;0;0;249;Capacity LB;0;267;3;56000;0;0;0;120;1635;300;11,613;0,750;0,054;0,117;0,094;0,908;0,090;4;0,750;3,000;0,122;0,200;0;0,000;0,000;0,000;0,000;1,000
408;RG300_408.rcp;0;0;250;Capacity LB;0;264;3;56000;0;0;0;129;1640;300;11,213;0,750;0,050;0,115;0,091;0,911;0,056;4;0,750;3,000;0,147;0,200;0;0,000;0,000;0,000;0,000;1,000
409;RG300_409.rcp;0;0;252;Capacity LB;0;273;3;55000;0;0;0;120;1629;300;10,680;0,750;0,060;0,136;0,068;0,894;0,088;4;0,750;3,000;0,114;0,200;0;0,000;0,000;0,000;0,000;1,000
410;RG300_410.rcp;0;0;228;Capacity LB;0;240;3;55000;0;0;0;105;1463;300;10,833;0,750;0,054;0,102;0,084;0,897;0,088;4;0,750;3,000;0,116;0,200;0;0,000;0,000;0,000;0,000;1,000
411;RG300_411.rcp;0;0;521;4;3600020;599;3;61000;0;0;0;119;1676;300;11,583;0,751;0,050;0,092;0,093;0,910;0,061;4;0,750;3,000;0,015;0,400;0;0,000;0,000;0,000;0,000;1,000
412;RG300_412.rcp;0;0;505;4;3600830;578;3;60000;0;0;0;121;1609;300;11,210;0,750;0,060;0,136;0,085;0,901;0,116;4;0,750;3,000;0,004;0,400;0;0,000;0,000;0,000;0,000;1,000
413;RG300_413.rcp;0;0;531;4;3600170;606;3;60000;0;0;0;112;1668;300;11,097;0,751;0,050;0,090;0,096;0,906;0,058;4;0,750;3,000;0,007;0,400;0;0,000;0,000;0,000;0,000;1,000
414;RG300_414.rcp;0;0;523;Capacity LB;0;599;3;61000;0;0;0;112;1664;300;11,250;0,750;0,057;0,096;0,078;0,894;0,109;4;0,750;3,000;0,007;0,400;0;0,000;0,000;0,000;0,000;1,000
415;RG300_415.rcp;0;0;506;4;3600020;587;3;57000;0;0;0;109;1637;300;11,113;0,751;0,050;0,100;0,099;0,908;0,064;4;0,750;3,000;0,000;0,400;0;0,000;0,000;0,000;0,000;1,000
416;RG300_416.rcp;0;0;511;4;3600170;575;3;60000;0;0;0;121;1616;300;11,157;0,750;0,050;0,103;0,084;0,905;0,059;4;0,750;3,000;0,008;0,400;0;0,000;0,000;0,000;0,000;1,000
417;RG300_417.rcp;0;0;514;4;3600030;581;3;60000;0;0;0;119;1590;300;11,263;0,750;0,050;0,107;0,107;0,913;0,088;4;0,750;3,000;0,008;0,400;0;0,000;0,000;0,000;0,000;1,000
418;RG300_418.rcp;0;0;533;4;3600070;586;3;58000;0;0;0;116;1601;300;11,383;0,751;0,057;0,123;0,079;0,894;0,106;4;0,750;3,000;0,000;0,400;0;0,000;0,000;0,000;0,000;1,000
419;RG300_419.rcp;0;0;495;4;3600040;580;3;60000;0;0;0;122;1616;300;10,963;0,751;0,054;0,115;0,070;0,903;0,078;4;0,750;3,000;0,003;0,400;0;0,000;0,000;0,000;0,000;1,000
420;RG300_420.rcp;0;0;531;4;3600760;587;3;58000;0;0;0;113;1621;300;11,483;0,750;0,054;0,125;0,076;0,896;0,081;4;0,750;3,000;0,000;0,400;0;0,000;0,000;0,000;0,000;1,000
421;RG300_421.rcp;0;0;1104;4;3600020;1165;3;67000;0;0;0;120;1703;300;10,827;0,751;0,054;0,110;0,082;0,901;0,062;4;0,750;3,000;0,000;0,600;0;0,000;0,000;0,000;0,000;1,000
422;RG300_422.rcp;0;0;1115;2;190;1161;3;65000;0;0;0;117;1634;300;10,700;0,750;0,057;0,098;0,075;0,898;0,089;4;0,750;3,000;0,000;0,600;0;0,000;0,000;0,000;0,000;1,000
423;RG300_423.rcp;0;0;1125;2;187;1179;3;67000;0;0;0;121;1685;300;11,327;0,751;0,050;0,068;0,080;0,898;0,080;4;0,750;3,000;0,000;0,600;0;0,000;0,000;0,000;0,000;1,000
424;RG300_424.rcp;0;0;1151;2;194;1196;3;63000;0;0;0;125;1670;300;11,187;0,750;0,060;0,144;0,080;0,894;0,101;4;0,750;3,000;0,000;0,600;0;0,000;0,000;0,000;0,000;1,000
425;RG300_425.rcp;0;0;1130;2;196;1158;3;67000;0;0;0;116;1642;300;11,003;0,751;0,050;0,116;0,098;0,902;0,072;4;0,750;3,000;0,000;0,600;0;0,000;0,000;0,000;0,000;1,000
426;RG300_426.rcp;0;0;1040;4;3600010;1094;3;63000;0;0;0;111;1570;300;11,487;0,751;0,050;0,081;0,086;0,901;0,065;4;0,750;3,000;0,000;0,600;0;0,000;0,000;0,000;0,000;1,000
427;RG300_427.rcp;0;0;1079;4;3600050;1106;3;62000;0;0;0;131;1599;300;11,237;0,751;0,057;0,128;0,081;0,900;0,079;4;0,750;3,000;0,000;0,600;0;0,000;0,000;0,000;0,000;1,000
428;RG300_428.rcp;0;0;1074;2;171;1102;3;66000;0;0;0;110;1608;300;10,970;0,750;0,054;0,120;0,093;0,909;0,083;4;0,750;3,000;0,000;0,600;0;0,000;0,000;0,000;0,000;1,000
429;RG300_429.rcp;0;0;1126;4;3600520;1173;3;67000;0;0;0;121;1662;300;11,297;0,751;0,054;0,141;0,097;0,903;0,086;4;0,750;3,000;0,000;0,600;0;0,000;0,000;0,000;0,000;1,000
430;RG300_430.rcp;0;0;1159;2;186;1187;3;66000;0;0;0;124;1664;300;10,773;0,751;0,057;0,100;0,081;0,901;0,095;4;0,750;3,000;0,000;0,600;0;0,000;0,000;0,000;0,000;1,000
431;RG300_431.rcp;0;0;1556;1;0;1556;1;0;1556;1;0;132;1576;300;11,127;0,751;0,054;0,093;0,082;0,897;0,079;4;0,750;3,000;0,000;0,800;0;0,000;0,000;0,000;0,000;1,000
432;RG300_432.rcp;0;0;1652;1;0;1652;1;0;1652;1;0;126;1685;300;10,957;0,750;0,054;0,078;0,079;0,902;0,059;4;0,750;3,000;0,000;0,800;0;0,000;0,000;0,000;0,000;1,000
433;RG300_433.rcp;0;0;1622;1;10;1622;1;10;1622;1;10;131;1657;300;10,700;0,750;0,057;0,098;0,075;0,898;0,089;4;0,750;3,000;0,000;0,800;0;0,000;0,000;0,000;0,000;1,000
434;RG300_434.rcp;0;0;1695;1;0;1695;1;0;1695;1;0;133;1716;300;11,187;0,750;0,057;0,116;0,077;0,899;0,093;4;0,750;3,000;0,000;0,800;0;0,000;0,000;0,000;0,000;1,000
435;RG300_435.rcp;0;0;1534;1;0;1534;1;0;1534;1;0;114;1562;300;11,257;0,751;0,054;0,096;0,088;0,906;0,077;4;0,750;3,000;0,000;0,800;0;0,000;0,000;0,000;0,000;1,000
436;RG300_436.rcp;0;0;1678;1;0;1678;1;0;1678;1;0;119;1701;300;11,417;0,751;0,060;0,163;0,089;0,910;0,125;4;0,750;3,000;0,000;0,800;0;0,000;0,000;0,000;0,000;1,000
437;RG300_437.rcp;0;0;1672;1;0;1672;1;0;1672;1;0;121;1701;300;11,233;0,751;0,054;0,098;0,087;0,907;0,078;4;0,750;3,000;0,000;0,800;0;0,000;0,000;0,000;0,000;1,000
438;RG300_438.rcp;0;0;1566;1;0;1566;1;0;1566;1;0;110;1584;300;10,657;0,751;0,054;0,126;0,086;0,903;0,089;4;0,750;3,000;0,000;0,800;0;0,000;0,000;0,000;0,000;1,000
439;RG300_439.rcp;0;0;1605;1;0;1605;1;0;1605;1;0;117;1632;300;11,537;0,751;0,057;0,141;0,086;0,905;0,114;4;0,750;3,000;0,000;0,800;0;0,000;0,000;0,000;0,000;1,000
440;RG300_440.rcp;0;0;1655;1;10;1655;1;10;1655;1;10;114;1693;300;11,233;0,751;0,054;0,130;0,089;0,906;0,088;4;0,750;3,000;0,000;0,800;0;0,000;0,000;0,000;0,000;1,000
441;RG300_441.rcp;0;0;325;Capacity LB;0;345;3;57000;0;0;0;115;1613;300;11,330;0,750;0,054;0,107;0,086;0,904;0,062;4;1,000;4,000;0,093;0,200;0;0,000;0,000;0,000;0,000;1,000
442;RG300_442.rcp;0;0;339;Capacity LB;0;361;3;57000;0;0;0;115;1660;300;10,913;0,751;0,050;0,104;0,096;0,902;0,072;4;1,000;4,000;0,086;0,200;0;0,000;0,000;0,000;0,000;1,000
443;RG300_443.rcp;0;0;324;Capacity LB;0;349;3;54000;0;0;0;122;1623;300;11,147;0,750;0,057;0,139;0,087;0,908;0,086;4;1,000;4,000;0,098;0,200;0;0,000;0,000;0,000;0,000;1,000
444;RG300_444.rcp;0;0;325;Capacity LB;0;348;3;54000;0;0;0;122;1602;300;11,253;0,750;0,057;0,140;0,080;0,904;0,095;4;1,000;4,000;0,086;0,200;0;0,000;0,000;0,000;0,000;1,000
445;RG300_445.rcp;0;0;340;Capacity LB;0;361;3;57000;0;0;0;131;1662;300;11,330;0,750;0,054;0,107;0,086;0,904;0,062;4;1,000;4,000;0,088;0,200;0;0,000;0,000;0,000;0,000;1,000
446;RG300_446.rcp;0;0;338;Capacity LB;0;356;3;53000;0;0;0;118;1668;300;11,057;0,751;0,060;0,147;0,082;0,897;0,114;4;1,000;4,000;0,103;0,200;0;0,000;0,000;0,000;0,000;1,000
447;RG300_447.rcp;0;0;341;Capacity LB;0;366;3;54000;0;0;0;135;1667;300;11,163;0,751;0,057;0,098;0,075;0,895;0,108;4;1,000;4,000;0,103;0,200;0;0,000;0,000;0,000;0,000;1,000
448;RG300_448.rcp;0;0;335;Capacity LB;0;356;3;57000;0;0;0;121;1662;300;10,987;0,751;0,057;0,124;0,082;0,900;0,089;4;1,000;4,000;0,079;0,200;0;0,000;0,000;0,000;0,000;1,000
449;RG300_449.rcp;0;0;336;Capacity LB;0;365;3;59000;0;0;0;133;1671;300;11,250;0,750;0,057;0,144;0,082;0,904;0,099;4;1,000;4,000;0,085;0,200;0;0,000;0,000;0,000;0,000;1,000
450;RG300_450.rcp;0;0;324;Capacity LB;0;347;3;57000;0;0;0;126;1604;300;11,340;0,751;0,057;0,126;0,078;0,896;0,109;4;1,000;4,000;0,093;0,200;0;0,000;0,000;0,000;0,000;1,000
451;RG300_451.rcp;0;0;700;4;3600030;778;3;59000;0;0;0;134;1590;300;11,227;0,751;0,060;0,155;0,085;0,904;0,098;4;1,000;4,000;0,003;0,400;0;0,000;0,000;0,000;0,000;1,000
452;RG300_452.rcp;0;0;731;4;3600100;829;3;64000;0;0;0;122;1726;300;11,267;0,750;0,054;0,108;0,086;0,909;0,080;4;1,000;4,000;0,008;0,400;0;0,000;0,000;0,000;0,000;1,000
453;RG300_453.rcp;0;0;673;4;3600050;755;3;63000;0;0;0;114;1588;300;11,247;0,750;0,054;0,125;0,100;0,907;0,091;4;1,000;4,000;0,003;0,400;0;0,000;0,000;0,000;0,000;1,000
454;RG300_454.rcp;0;0;757;4;3600060;851;3;63000;0;0;0;115;1730;300;10,927;0,751;0,050;0,122;0,089;0,901;0,078;4;1,000;4,000;0,002;0,400;0;0,000;0,000;0,000;0,000;1,000
455;RG300_455.rcp;0;0;733;4;3600080;824;3;60000;0;0;0;125;1710;300;11,473;0,750;0,054;0,138;0,090;0,910;0,087;4;1,000;4,000;0,003;0,400;0;0,000;0,000;0,000;0,000;1,000
456;RG300_456.rcp;0;0;737;4;3600050;826;3;63000;0;0;0;130;1713;300;10,827;0,750;0,060;0,110;0,065;0,895;0,111;4;1,000;4,000;0,003;0,400;0;0,000;0,000;0,000;0,000;1,000
457;RG300_457.rcp;0;0;739;4;3600040;830;3;64000;0;0;0;134;1728;300;11,140;0,751;0,057;0,128;0,088;0,902;0,090;4;1,000;4,000;0,000;0,400;0;0,000;0,000;0,000;0,000;1,000
458;RG300_458.rcp;0;0;683;4;3600080;774;3;63000;0;0;0;127;1586;300;11,277;0,751;0,060;0,148;0,089;0,902;0,113;4;1,000;4,000;0,003;0,400;0;0,000;0,000;0,000;0,000;1,000
459;RG300_459.rcp;0;0;694;4;3600250;796;3;60000;0;0;0;120;1656;300;11,240;0,750;0,054;0,096;0,082;0,900;0,055;4;1,000;4,000;0,003;0,400;0;0,000;0,000;0,000;0,000;1,000
460;RG300_460.rcp;0;0;703;4;3600040;796;3;63000;0;0;0;126;1661;300;11,233;0,750;0,057;0,119;0,083;0,904;0,095;4;1,000;4,000;0,003;0,400;0;0,000;0,000;0,000;0,000;1,000
461;RG300_461.rcp;0;0;1647;2;240;1649;3;71000;0;0;0;124;1781;300;11,097;0,751;0,057;0,091;0,080;0,903;0,091;4;1,000;4,000;0,000;0,600;0;0,000;0,000;0,000;0,000;1,000
462;RG300_462.rcp;0;0;1605;1;110;1605;1;110;1605;1;110;148;1729;300;11,707;0,751;0,057;0,136;0,094;0,908;0,090;4;1,000;4,000;0,000;0,600;0;0,000;0,000;0,000;0,000;1,000
463;RG300_463.rcp;0;0;1575;1;650;1575;1;650;1575;1;650;121;1683;300;11,560;0,751;0,054;0,103;0,095;0,901;0,071;4;1,000;4,000;0,000;0,600;0;0,000;0,000;0,000;0,000;1,000
464;RG300_464.rcp;0;0;1526;1;1920;1526;1;1920;1526;1;1920;109;1642;300;11,340;0,751;0,050;0,063;0,090;0,901;0,091;4;1,000;4,000;0,000;0,600;0;0,000;0,000;0,000;0,000;1,000
465;RG300_465.rcp;0;0;1559;2;238;1566;1;3600030;0;0;0;128;1668;300;11,317;0,750;0,057;0,108;0,089;0,902;0,095;4;1,000;4,000;0,000;0,600;0;0,000;0,000;0,000;0,000;1,000
466;RG300_466.rcp;0;0;1548;2;230;1548;3;690;0;0;0;114;1673;300;11,647;0,751;0,050;0,130;0,110;0,913;0,074;4;1,000;4,000;0,000;0,600;0;0,000;0,000;0,000;0,000;1,000
467;RG300_467.rcp;0;0;1563;1;1560;1563;1;1560;1563;1;1560;119;1667;300;10,963;0,751;0,060;0,145;0,074;0,897;0,119;4;1,000;4,000;0,000;0,600;0;0,000;0,000;0,000;0,000;1,000
468;RG300_468.rcp;0;0;1542;1;420;1542;1;420;1542;1;420;128;1637;300;11,260;0,750;0,054;0,131;0,084;0,904;0,086;4;1,000;4,000;0,000;0,600;0;0,000;0,000;0,000;0,000;1,000
469;RG300_469.rcp;0;0;1520;1;260;1520;1;260;1520;1;260;125;1633;300;10,857;0,751;0,057;0,140;0,085;0,890;0,093;4;1,000;4,000;0,000;0,600;0;0,000;0,000;0,000;0,000;1,000
470;RG300_470.rcp;0;0;1501;1;30;1501;1;30;1501;1;30;117;1583;300;10,870;0,750;0,054;0,118;0,087;0,900;0,082;4;1,000;4,000;0,000;0,600;0;0,000;0,000;0,000;0,000;1,000
471;RG300_471.rcp;0;0;1599;1;0;1599;Sum PT;0;1599;1;0;123;1599;300;11,297;0,751;0,057;0,129;0,077;0,896;0,082;4;1,000;4,000;0,000;0,800;0;0,000;0,000;0,000;0,000;1,000
472;RG300_472.rcp;0;0;1774;1;0;1774;1;0;1774;1;0;133;1781;300;11,070;0,750;0,057;0,115;0,083;0,902;0,088;4;1,000;4,000;0,000;0,800;0;0,000;0,000;0,000;0,000;1,000
473;RG300_473.rcp;0;0;1632;1;0;1632;Sum PT;0;1632;1;0;125;1632;300;11,460;0,751;0,054;0,117;0,091;0,902;0,092;4;1,000;4,000;0,000;0,800;0;0,000;0,000;0,000;0,000;1,000
474;RG300_474.rcp;0;0;1555;1;0;1555;Sum PT;0;1555;1;0;112;1555;300;11,517;0,751;0,050;0,106;0,108;0,910;0,079;4;1,000;4,000;0,000;0,800;0;0,000;0,000;0,000;0,000;1,000
475;RG300_475.rcp;0;0;1630;1;0;1630;Sum PT;0;1630;1;0;127;1630;300;11,317;0,750;0,057;0,136;0,088;0,906;0,104;4;1,000;4,000;0,000;0,800;0;0,000;0,000;0,000;0,000;1,000
476;RG300_476.rcp;0;0;1675;1;0;1675;Sum PT;0;1675;1;0;111;1675;300;11,347;0,751;0,050;0,075;0,095;0,903;0,090;4;1,000;4,000;0,000;0,800;0;0,000;0,000;0,000;0,000;1,000
477;RG300_477.rcp;0;0;1703;1;10;1703;Sum PT;0;1703;1;10;125;1703;300;11,353;0,750;0,050;0,074;0,093;0,902;0,050;4;1,000;4,000;0,000;0,800;0;0,000;0,000;0,000;0,000;1,000
478;RG300_478.rcp;0;0;1610;1;0;1610;Sum PT;0;1610;1;0;119;1610;300;10,857;0,751;0,057;0,140;0,085;0,890;0,093;4;1,000;4,000;0,000;0,800;0;0,000;0,000;0,000;0,000;1,000
479;RG300_479.rcp;0;0;1637;1;0;1637;Sum PT;0;1637;1;0;108;1637;300;11,127;0,751;0,054;0,093;0,082;0,897;0,079;4;1,000;4,000;0,000;0,800;0;0,000;0,000;0,000;0,000;1,000
480;RG300_480.rcp;0;0;1587;1;10;1587;Sum PT;0;1587;1;10;112;1587;300;11,620;0,750;0,054;0,122;0,091;0,901;0,069;4;1,000;4,000;0,000;0,800;0;0,000;0,000;0,000;0,000;1,000
# Record sets:
ID;1
# Author(s); Demeulemeester, E. and Herroelen, W.
# Reference; Demeulemeester, E. and Herroelen, W. (1992). A branch-and-bound procedure for the multiple resource-constrained project scheduling problem. Management Science, 38:1803-1818.
# Date; 1992/01/01
# Hardware / software; Stevin Supercomputer Infrastructure, C++, compiler intel/2017.02, Linux
# Stop criteria; 3600 second(s)
# Submission date; 2017/5/20
ID;2
# Author(s); Klein, R. and Scholl, A.
# Reference;Klein, R. and Scholl, A. (1999). Computing lower bounds by destructive improvement: An application to resource-constrained project scheduling. European Journal of Operational Research, 112:322?346
# Date; 1999/01/01
# Hardware / software; i7, 16GB, 2GHz, C++, Visual Studio 2015 (x64), Windows 10
# Stop criteria;none
# Submission date; 2016/01/01
ID;3
# Author(s); Debels, D. and Vanhoucke, M.
# Reference; Debels, D. and Vanhoucke, M. (2007). A decomposition-based genetic algorithm for the resource-constrained project scheduling problems. Operations Research, 55:457-469.
# Date; 2007/01/01
# Hardware / software; Stevin Supercomputer Infrastructure, C++, compiler intel/2017.02, Linux
# Stop criteria;cumulated results from several runs, on open instances only. Maximal run: 100 runs x 500k schedules
# Submission date; 2017/5/21
ID;4
# Author(s); Coelho, J. and Vanhoucke, M.
# Reference;"Coelho, Jose, Vanhoucke, Mario. 2018. ""An exact composite lower bound strategy for the resource-constrained project scheduling problem"", Computers & Operations Research 93, 1: 135 - 150. doi: 10.1016/j.cor.2018.01.017"
# Date; 2018/05/01
# Hardware / software; STEVIN HPC-UGent infrastructure, C++, compiler intel/2017.02, Linux
# Stop criteria;Result of several runs done in the paper, maximal time of 1 hour, UBs, LBs and OPT solutions.
# Submission date; 2018/1/7
ID;5
# Author(s);Laborie, P.
# Reference; Laborie, P. (2023). Fast lower-bounds for scheduling problems in LocalSolver. ROADEF 2023 (in French)
# Date; 2023/07/03
# Hardware/software; Intel i7-12700H, 2,3 GHz, 14 cores, 20 threads, 32Go RAM
# Stop criteria; 60 second(s)
# Submission date; 2023/07/03
